#
# There is insufficient memory for the Java Runtime Environment to continue.
# Native memory allocation (mmap) failed to map 65536 bytes. Error detail: Failed to commit metaspace.
# Possible reasons:
#   The system is out of physical RAM or swap space
#   This process is running with CompressedOops enabled, and the Java Heap may be blocking the growth of the native heap
# Possible solutions:
#   Reduce memory load on the system
#   Increase physical memory or swap space
#   Check if swap backing store is full
#   Decrease Java heap size (-Xmx/-Xms)
#   Decrease number of Java threads
#   Decrease Java thread stack sizes (-Xss)
#   Set larger code cache with -XX:ReservedCodeCacheSize=
#   JVM is running with Unscaled Compressed Oops mode in which the Java heap is
#     placed in the first 4GB address space. The Java Heap base address is the
#     maximum limit for the native heap growth. Please use -XX:HeapBaseMinAddress
#     to set the Java Heap base and to place the Java Heap above 4GB virtual address.
# This output file may be truncated or incomplete.
#
#  Out of Memory Error (virtualSpaceNode.cpp:113), pid=11600, tid=22684
#
# JRE version: OpenJDK Runtime Environment (21.0.10) (build 21.0.10+-14961533-b1163.108)
# Java VM: OpenJDK 64-Bit Server VM (21.0.10+-14961533-b1163.108, mixed mode, tiered, compressed oops, compressed class ptrs, g1 gc, windows-amd64)
# No core dump will be written. Minidumps are not enabled by default on client versions of Windows
#

---------------  S U M M A R Y ------------

Command Line: -Dorg.gradle.appname=gradlew org.gradle.wrapper.GradleWrapperMain -q -Ptarget-platform=android-arm64 -Ptarget=D:\studyhubapp\lib\main.dart -Pbase-application-name=android.app.Application -Pdart-defines=RkxVVFRFUl9WRVJTSU9OPTMuNDQuNQ==,RkxVVFRFUl9DSEFOTkVMPXN0YWJsZQ==,RkxVVFRFUl9HSVRfVVJMPWh0dHBzOi8vZ2l0aHViLmNvbS9mbHV0dGVyL2ZsdXR0ZXIuZ2l0,RkxVVFRFUl9GUkFNRVdPUktfUkVWSVNJT049Zjk0ZjRmYzc2Yg==,RkxVVFRFUl9FTkdJTkVfUkVWSVNJT049ODM2NzVlZDI3Ng==,RkxVVFRFUl9EQVJUX1ZFUlNJT049My4xMi4y -Pdart-obfuscation=false -Ptrack-widget-creation=true -Ptree-shake-icons=false -Pfilesystem-scheme=org-dartlang-root assembleDebug

Host: Intel(R) Core(TM) i5-6200U CPU @ 2.30GHz, 4 cores, 7G,  Windows 10 , 64 bit Build 19041 (10.0.19041.7291)
Time: Tue Jul 21 06:17:39 2026 US Eastern Daylight Time elapsed time: 5.801913 seconds (0d 0h 0m 5s)

---------------  T H R E A D  ---------------

Current thread (0x000001a8329e2bb0):  JavaThread "main"             [_thread_in_vm, id=22684, stack(0x000000398f800000,0x000000398f900000) (1024K)]

Stack: [0x000000398f800000,0x000000398f900000]
Native frames: (J=compiled Java code, j=interpreted, Vv=VM code, C=native code)
V  [jvm.dll+0x6d78a9]
V  [jvm.dll+0x8665b3]
V  [jvm.dll+0x868bde]
V  [jvm.dll+0x8692c3]
V  [jvm.dll+0x280ee6]
V  [jvm.dll+0x86146e]
V  [jvm.dll+0x67add5]
V  [jvm.dll+0x1e4911]
V  [jvm.dll+0x1e46de]
V  [jvm.dll+0x67d728]
V  [jvm.dll+0x67d562]
V  [jvm.dll+0x67b7ce]
V  [jvm.dll+0xbb9af]
V  [jvm.dll+0x217815]
V  [jvm.dll+0x20c73a]
V  [jvm.dll+0x5b7f75]
V  [jvm.dll+0x7df903]
V  [jvm.dll+0x7dfa4b]
V  [jvm.dll+0x4730c7]
V  [jvm.dll+0x478a18]
C  [java.dll+0x17ec]

Java frames: (J=compiled Java code, j=interpreted, Vv=VM code)
J 1035  java.lang.ClassLoader.defineClass1(Ljava/lang/ClassLoader;Ljava/lang/String;[BIILjava/security/ProtectionDomain;Ljava/lang/String;)Ljava/lang/Class; java.base@21.0.10 (0 bytes) @ 0x000001a83f996589 [0x000001a83f9964c0+0x00000000000000c9]
j  java.lang.ClassLoader.defineClass(Ljava/lang/String;[BIILjava/security/ProtectionDomain;)Ljava/lang/Class;+27 java.base@21.0.10
j  java.security.SecureClassLoader.defineClass(Ljava/lang/String;[BIILjava/security/CodeSource;)Ljava/lang/Class;+12 java.base@21.0.10
J 1187 c1 java.net.URLClassLoader.defineClass(Ljava/lang/String;Ljdk/internal/loader/Resource;)Ljava/lang/Class; java.base@21.0.10 (224 bytes) @ 0x000001a83807cc3c [0x000001a83807b580+0x00000000000016bc]
J 1159 c1 java.net.URLClassLoader$1.run()Ljava/lang/Class; java.base@21.0.10 (81 bytes) @ 0x000001a83806a5dc [0x000001a8380699c0+0x0000000000000c1c]
J 1158 c1 java.net.URLClassLoader$1.run()Ljava/lang/Object; java.base@21.0.10 (5 bytes) @ 0x000001a838069454 [0x000001a8380693c0+0x0000000000000094]
J 927 c1 java.security.AccessController.doPrivileged(Ljava/security/PrivilegedExceptionAction;Ljava/security/AccessControlContext;)Ljava/lang/Object; java.base@21.0.10 (26 bytes) @ 0x000001a837feb584 [0x000001a837feb3a0+0x00000000000001e4]
J 1064 c1 java.net.URLClassLoader.findClass(Ljava/lang/String;)Ljava/lang/Class; java.base@21.0.10 (47 bytes) @ 0x000001a83803ffbc [0x000001a83803fe20+0x000000000000019c]
J 1038 c1 java.lang.ClassLoader.loadClass(Ljava/lang/String;Z)Ljava/lang/Class; java.base@21.0.10 (121 bytes) @ 0x000001a83802cc8c [0x000001a83802c6e0+0x00000000000005ac]
J 1019 c1 java.lang.ClassLoader.loadClass(Ljava/lang/String;)Ljava/lang/Class; java.base@21.0.10 (7 bytes) @ 0x000001a838024bc4 [0x000001a838024ac0+0x0000000000000104]
v  ~StubRoutines::call_stub 0x000001a83f38100d
j  org.gradle.launcher.cli.DefaultCommandLineActionFactory$WithLogging.execute(Lorg/gradle/launcher/bootstrap/ExecutionListener;)V+272
j  org.gradle.launcher.Main.doAction([Ljava/lang/String;Lorg/gradle/launcher/bootstrap/ExecutionListener;)V+14
j  org.gradle.launcher.bootstrap.EntryPoint.run([Ljava/lang/String;)V+12
j  java.lang.invoke.DirectMethodHandle$Holder.invokeVirtual(Ljava/lang/Object;Ljava/lang/Object;Ljava/lang/Object;)V+11 java.base@21.0.10
j  java.lang.invoke.LambdaForm$MH+0x00000001000d2800.invoke(Ljava/lang/Object;Ljava/lang/Object;Ljava/lang/Object;)Ljava/lang/Object;+52 java.base@21.0.10
j  java.lang.invoke.Invokers$Holder.invokeExact_MT(Ljava/lang/Object;Ljava/lang/Object;Ljava/lang/Object;Ljava/lang/Object;)Ljava/lang/Object;+20 java.base@21.0.10
j  jdk.internal.reflect.DirectMethodHandleAccessor.invokeImpl(Ljava/lang/Object;[Ljava/lang/Object;)Ljava/lang/Object;+55 java.base@21.0.10
j  jdk.internal.reflect.DirectMethodHandleAccessor.invoke(Ljava/lang/Object;[Ljava/lang/Object;)Ljava/lang/Object;+23 java.base@21.0.10
j  java.lang.reflect.Method.invoke(Ljava/lang/Object;[Ljava/lang/Object;)Ljava/lang/Object;+102 java.base@21.0.10
j  org.gradle.launcher.bootstrap.ProcessBootstrap.runNoExit(Ljava/lang/String;Ljava/lang/String;Ljava/lang/String;[Ljava/lang/String;)V+205
j  org.gradle.launcher.bootstrap.ProcessBootstrap.run(Ljava/lang/String;Ljava/lang/String;Ljava/lang/String;[Ljava/lang/String;)V+4
j  org.gradle.launcher.GradleMain.main([Ljava/lang/String;)V+68
j  java.lang.invoke.DirectMethodHandle$Holder.invokeStatic(Ljava/lang/Object;Ljava/lang/Object;)V+10 java.base@21.0.10
j  java.lang.invoke.LambdaForm$MH+0x00000001000c3c00.invoke(Ljava/lang/Object;Ljava/lang/Object;Ljava/lang/Object;)Ljava/lang/Object;+33 java.base@21.0.10
j  java.lang.invoke.Invokers$Holder.invokeExact_MT(Ljava/lang/Object;Ljava/lang/Object;Ljava/lang/Object;Ljava/lang/Object;)Ljava/lang/Object;+20 java.base@21.0.10
j  jdk.internal.reflect.DirectMethodHandleAccessor.invokeImpl(Ljava/lang/Object;[Ljava/lang/Object;)Ljava/lang/Object;+55 java.base@21.0.10
j  jdk.internal.reflect.DirectMethodHandleAccessor.invoke(Ljava/lang/Object;[Ljava/lang/Object;)Ljava/lang/Object;+23 java.base@21.0.10
j  java.lang.reflect.Method.invoke(Ljava/lang/Object;[Ljava/lang/Object;)Ljava/lang/Object;+102 java.base@21.0.10
j  org.gradle.wrapper.BootstrapMainStarter.start([Ljava/lang/String;Ljava/io/File;)V+82
j  org.gradle.wrapper.WrapperExecutor.execute([Ljava/lang/String;Lorg/gradle/wrapper/Install;Lorg/gradle/wrapper/BootstrapMainStarter;)V+14
j  org.gradle.wrapper.GradleWrapperMain.main([Ljava/lang/String;)V+190
v  ~StubRoutines::call_stub 0x000001a83f38100d

Compiled method (n/a) 5902 1035     n 0       java.lang.ClassLoader::defineClass1 (native)
 total in heap  [0x000001a83f996310,0x000001a83f9968a0] = 1424
 relocation     [0x000001a83f996470,0x000001a83f9964a8] = 56
 main code      [0x000001a83f9964c0,0x000001a83f996899] = 985
 stub code      [0x000001a83f996899,0x000001a83f9968a0] = 7

[Constant Pool (empty)]

[MachCode]
[Entry Point]
  # {method} {0x000001a84c025040} 'defineClass1' '(Ljava/lang/ClassLoader;Ljava/lang/String;[BIILjava/security/ProtectionDomain;Ljava/lang/String;)Ljava/lang/Class;' in 'java/lang/ClassLoader'
  # parm0:    rdx:rdx   = 'java/lang/ClassLoader'
  # parm1:    r8:r8     = 'java/lang/String'
  # parm2:    r9:r9     = '[B'
  # parm3:    rdi       = int
  # parm4:    rsi       = int
  # parm5:    rcx:rcx   = 'java/security/ProtectionDomain'
  # parm6:    [sp+0xa0]   = 'java/lang/String'  (sp of caller)
  0x000001a83f9964c0: 448b 5208 | 49c1 e203 | 493b c20f | 8407 0000 

  0x000001a83f9964d0: ;   {runtime_call ic_miss_stub}
  0x000001a83f9964d0: 00e9 aa82 | a3ff 6690 
[Verified Entry Point]
  0x000001a83f9964d8: 8984 2400 | 80ff ff55 | 488b ec48 | 81ec 9000 | 0000 6690 | 4181 7f20 | 0100 0000 

  0x000001a83f9964f4: ;   {runtime_call StubRoutines (final stubs)}
  0x000001a83f9964f4: 7405 e805 | 52a2 ff48 | 837d 1000 | 488d 4510 | 480f 4445 | 1048 8944 | 2440 4889 | 4c24 7048 
  0x000001a83f996514: 83f9 0048 | 8d44 2470 | 480f 4444 | 2470 4889 | 4424 3848 | 8974 2430 | 4889 7c24 | 284c 894c 
  0x000001a83f996534: 2458 4983 | f900 488d | 4424 5848 | 0f44 4424 | 5848 8944 | 2420 4c89 | 4424 5049 | 83f8 004c 
  0x000001a83f996554: 8d4c 2450 | 4c0f 444c | 2450 4889 | 5424 4848 | 83fa 004c | 8d44 2448 | 4c0f 4444 

  0x000001a83f996570: ;   {oop(a 'java/lang/Class'{0x0000000087daff98} = 'java/lang/ClassLoader')}
  0x000001a83f996570: 2448 49be | 98ff da87 | 0000 0000 | 4c89 7424 | 784c 8d74 | 2478 498b | d6c5 f877 

  0x000001a83f99658c: ;   {internal_word}
  0x000001a83f99658c: 49ba 8965 | 993f a801 | 0000 4d89 | 97a8 0300 | 0049 89a7 | a003 0000 

  0x000001a83f9965a4: ;   {external_word}
  0x000001a83f9965a4: 49ba a8fa | 6adf f97f | 0000 4180 | 3a00 0f84 | 4e00 0000 | 5241 5041 

  0x000001a83f9965bc: ;   {metadata({method} {0x000001a84c025040} 'defineClass1' '(Ljava/lang/ClassLoader;Ljava/lang/String;[BIILjava/security/ProtectionDomain;Ljava/lang/String;)Ljava/lang/Class;' in 'java/lang/ClassLoader')}
  0x000001a83f9965bc: 5148 ba38 | 5002 4ca8 | 0100 0049 | 8bcf 4883 | ec20 40f6 | c40f 0f84 | 1900 0000 | 4883 ec08 
  0x000001a83f9965dc: ;   {runtime_call}
  0x000001a83f9965dc: 48b8 30e9 | 24df f97f | 0000 ffd0 | 4883 c408 | e90c 0000 

  0x000001a83f9965f0: ;   {runtime_call}
  0x000001a83f9965f0: 0048 b830 | e924 dff9 | 7f00 00ff | d048 83c4 | 2041 5941 | 585a 498d | 8fc0 0300 | 0041 c787 
  0x000001a83f996610: 4c04 0000 | 0400 0000 

  0x000001a83f996618: ;   {runtime_call}
  0x000001a83f996618: 48b8 ac16 | 0c2f fa7f | 0000 ffd0 | c5f8 7741 | c787 4c04 | 0000 0500 | 0000 f083 | 4424 c000 
  0x000001a83f996638: 493b af50 | 0400 000f | 870e 0000 | 0041 83bf | 4804 0000 | 000f 842b | 0000 00c5 | f877 4889 
  0x000001a83f996658: 45f8 498b | cf4c 8be4 | 4883 ec20 | 4883 e4f0 

  0x000001a83f996668: ;   {runtime_call}
  0x000001a83f996668: 48b8 e01e | f0de f97f | 0000 ffd0 | 498b e44d | 33e4 488b | 45f8 41c7 | 874c 0400 | 0008 0000 
  0x000001a83f996688: 0041 83bf | c804 0000 | 020f 84d5 

  0x000001a83f996694: ;   {external_word}
  0x000001a83f996694: 0100 0049 | baa8 fa6a | dff9 7f00 | 0041 803a | 000f 844c | 0000 0048 

  0x000001a83f9966ac: ;   {metadata({method} {0x000001a84c025040} 'defineClass1' '(Ljava/lang/ClassLoader;Ljava/lang/String;[BIILjava/security/ProtectionDomain;Ljava/lang/String;)Ljava/lang/Class;' in 'java/lang/ClassLoader')}
  0x000001a83f9966ac: 8945 f848 | ba38 5002 | 4ca8 0100 | 0049 8bcf | 4883 ec20 | 40f6 c40f | 0f84 1900 | 0000 4883 
  0x000001a83f9966cc: ;   {runtime_call}
  0x000001a83f9966cc: ec08 48b8 | 30e9 24df | f97f 0000 | ffd0 4883 | c408 e90c 

  0x000001a83f9966e0: ;   {runtime_call}
  0x000001a83f9966e0: 0000 0048 | b830 e924 | dff9 7f00 | 00ff d048 | 83c4 2048 | 8b45 f849 | c787 a003 | 0000 0000 
  0x000001a83f996700: 0000 49c7 | 87a8 0300 | 0000 0000 | 00c5 f877 | 4885 c00f | 8430 0100 | 00a8 030f | 8508 0000 
  0x000001a83f996720: 0048 8b00 | e920 0100 | 00a8 010f | 8509 0000 | 0048 8b40 | fee9 0f01 | 0000 488b | 40ff 4180 
  0x000001a83f996740: 7f40 000f | 8400 0100 | 0048 83f8 | 000f 84f6 | 0000 0049 | 8b4f 2848 | 83f9 000f | 8414 0000 
  0x000001a83f996760: 0048 83e9 | 0849 894f | 2849 034f | 3848 8901 | e9d4 0000 | 0048 83ec | 7048 8904 | 2448 894c 
  0x000001a83f996780: 2408 4889 | 5424 104c | 8944 2418 | 4c89 4c24 | 204c 8954 | 2428 4c89 | 5c24 30c5 | fb11 4424 
  0x000001a83f9967a0: 40c5 fb11 | 4c24 48c5 | fb11 5424 | 50c5 fb11 | 5c24 58c5 | fb11 6424 | 60c5 fb11 | 6c24 6849 
  0x000001a83f9967c0: 8bd7 488b | c848 83ec | 2040 f6c4 | 0f0f 8419 | 0000 0048 

  0x000001a83f9967d4: ;   {runtime_call}
  0x000001a83f9967d4: 83ec 0848 | b800 2ae3 | def9 7f00 | 00ff d048 | 83c4 08e9 | 0c00 0000 

  0x000001a83f9967ec: ;   {runtime_call}
  0x000001a83f9967ec: 48b8 002a | e3de f97f | 0000 ffd0 | 4883 c420 | c5fb 106c | 2468 c5fb | 1064 2460 | c5fb 105c 
  0x000001a83f99680c: 2458 c5fb | 1054 2450 | c5fb 104c | 2448 c5fb | 1044 2440 | 4c8b 5c24 | 304c 8b54 | 2428 4c8b 
  0x000001a83f99682c: 4c24 204c | 8b44 2418 | 488b 5424 | 1048 8b4c | 2408 488b | 0424 4883 | c470 c5f8 | 7749 8b8f 
  0x000001a83f99684c: 3004 0000 | c781 0001 | 0000 0000 | 0000 c949 | 837f 0800 | 0f85 0100 

  0x000001a83f996864: ;   {runtime_call StubRoutines (initial stubs)}
  0x000001a83f996864: 0000 c3e9 | 94a6 9eff | c5f8 7748 | 8945 f84c | 8be4 4883 | ec20 4883 

  0x000001a83f99687c: ;   {runtime_call}
  0x000001a83f99687c: e4f0 48b8 | 8020 25df | f97f 0000 | ffd0 498b | e44d 33e4 | 488b 45f8 | e9fe fdff | fff4 f4f4 
  0x000001a83f99689c: f4f4 f4f4 
[/MachCode]


Compiled method (c1) 5918 1187   !   3       java.net.URLClassLoader::defineClass (224 bytes)
 total in heap  [0x000001a83807b090,0x000001a83807e670] = 13792
 relocation     [0x000001a83807b1f0,0x000001a83807b580] = 912
 main code      [0x000001a83807b580,0x000001a83807d528] = 8104
 stub code      [0x000001a83807d528,0x000001a83807d708] = 480
 oops           [0x000001a83807d708,0x000001a83807d718] = 16
 metadata       [0x000001a83807d718,0x000001a83807d860] = 328
 scopes data    [0x000001a83807d860,0x000001a83807dee0] = 1664
 scopes pcs     [0x000001a83807dee0,0x000001a83807e440] = 1376
 dependencies   [0x000001a83807e440,0x000001a83807e4b0] = 112
 handler table  [0x000001a83807e4b0,0x000001a83807e5e8] = 312
 nul chk table  [0x000001a83807e5e8,0x000001a83807e670] = 136

[Constant Pool (empty)]

[MachCode]
[Entry Point]
  # {method} {0x000001a84c66e588} 'defineClass' '(Ljava/lang/String;Ljdk/internal/loader/Resource;)Ljava/lang/Class;' in 'java/net/URLClassLoader'
  # this:     rdx:rdx   = 'java/net/URLClassLoader'
  # parm0:    r8:r8     = 'java/lang/String'
  # parm1:    r9:r9     = 'jdk/internal/loader/Resource'
  #           [sp+0x180]  (sp of caller)
  0x000001a83807b580: 448b 5208 | 49c1 e203 

  0x000001a83807b588: ;   {runtime_call ic_miss_stub}
  0x000001a83807b588: 4c3b d00f | 85ef 3135 | 0766 6666 | 0f1f 8400 | 0000 0000 | 6666 6690 
[Verified Entry Point]
  0x000001a83807b5a0: 8984 2400 | 80ff ff55 | 4881 ec70 | 0100 0090 | 4181 7f20 | 0100 0000 

  0x000001a83807b5b8: ;   {runtime_call StubRoutines (final stubs)}
  0x000001a83807b5b8: 7405 e841 | 0134 0748 | 8994 24e8 | 0000 004c | 8984 24d8 | 0000 004c | 898c 24e0 

  0x000001a83807b5d4: ;   {metadata(method data for {method} {0x000001a84c66e588} 'defineClass' '(Ljava/lang/String;Ljdk/internal/loader/Resource;)Ljava/lang/Class;' in 'java/net/URLClassLoader')}
  0x000001a83807b5d4: 0000 0048 | be90 5b88 | 4ca8 0100 | 008b becc | 0000 0083 | c702 89be | cc00 0000 | 81e7 fe07 
  0x000001a83807b5f4: 0000 85ff | 0f84 231a 

  0x000001a83807b5fc: ;   {metadata(method data for {method} {0x000001a84c66e588} 'defineClass' '(Ljava/lang/String;Ljdk/internal/loader/Resource;)Ljava/lang/Class;' in 'java/net/URLClassLoader')}
  0x000001a83807b5fc: 0000 48be | 905b 884c | a801 0000 | 4883 8610 | 0100 0001 

  0x000001a83807b610: ;   {runtime_call}
  0x000001a83807b610: 48b8 2025 | 1edf f97f | 0000 ffd0 

  0x000001a83807b61c: ;   {other}
  0x000001a83807b61c: 0f1f 8400 | 0000 0000 | 4889 8424 | f000 0000 | 4c8b 8424 | d800 0000 

  0x000001a83807b634: ; implicit exception: dispatches to 0x000001a83807d042
  0x000001a83807b634: 493b 0049 

  0x000001a83807b638: ;   {metadata(method data for {method} {0x000001a84c66e588} 'defineClass' '(Ljava/lang/String;Ljdk/internal/loader/Resource;)Ljava/lang/Class;' in 'java/net/URLClassLoader')}
  0x000001a83807b638: 8bc8 48ba | 905b 884c | a801 0000 | 4883 8220 | 0100 0001 

  0x000001a83807b64c: ;   {metadata(method data for {method} {0x000001a84c00b778} 'lastIndexOf' '(I)I' in 'java/lang/String')}
  0x000001a83807b64c: 48b9 f047 | 624c a801 | 0000 8b91 | cc00 0000 | 83c2 0289 | 91cc 0000 | 0081 e2fe | ff1f 0085 
  0x000001a83807b66c: d20f 84d4 | 1900 0049 

  0x000001a83807b674: ;   {metadata(method data for {method} {0x000001a84c00b778} 'lastIndexOf' '(I)I' in 'java/lang/String')}
  0x000001a83807b674: 8bc8 48ba | f047 624c | a801 0000 | 4883 8210 | 0100 0001 

  0x000001a83807b688: ;   {metadata(method data for {method} {0x000001a84c009d78} 'length' '()I' in 'java/lang/String')}
  0x000001a83807b688: 48b9 4037 | 344c a801 | 0000 8b91 | cc00 0000 | 83c2 0289 | 91cc 0000 | 0081 e2fe | ff1f 0085 
  0x000001a83807b6a8: d20f 84b9 | 1900 0041 | 8b70 148b | 560c 498b 

  0x000001a83807b6b8: ;   {metadata(method data for {method} {0x000001a84c009d78} 'length' '()I' in 'java/lang/String')}
  0x000001a83807b6b8: c849 b940 | 3734 4ca8 | 0100 0049 | 8381 1001 

  0x000001a83807b6c8: ;   {metadata(method data for {method} {0x000001a84c00f8e8} 'coder' '()B' in 'java/lang/String')}
  0x000001a83807b6c8: 0000 0148 | b9c8 3534 | 4ca8 0100 | 0044 8b89 | cc00 0000 | 4183 c102 | 4489 89cc | 0000 0041 
  0x000001a83807b6e8: 81e1 feff | 1f00 4585 | c90f 8497 

  0x000001a83807b6f4: ;   {metadata(method data for {method} {0x000001a84c00f8e8} 'coder' '()B' in 'java/lang/String')}
  0x000001a83807b6f4: 1900 0048 | b9c8 3534 | 4ca8 0100 | 00ff 8120 | 0100 0045 | 0fbe 4810 

  0x000001a83807b70c: ;   {metadata(method data for {method} {0x000001a84c00f8e8} 'coder' '()B' in 'java/lang/String')}
  0x000001a83807b70c: 48b9 c835 | 344c a801 | 0000 ff81 | 3001 0000 | 498b c9c1 | e118 c1f9 | 18d3 fa48 | 8bfa ffcf 
  0x000001a83807b72c: ;   {metadata(method data for {method} {0x000001a84c00b778} 'lastIndexOf' '(I)I' in 'java/lang/String')}
  0x000001a83807b72c: 498b d048 | bbf0 4762 | 4ca8 0100 | 0048 8383 | 4801 0000 

  0x000001a83807b740: ;   {metadata(method data for {method} {0x000001a84c00b840} 'lastIndexOf' '(II)I' in 'java/lang/String')}
  0x000001a83807b740: 0148 bad0 | 2c61 4ca8 | 0100 008b | 9acc 0000 | 0083 c302 | 899a cc00 | 0000 81e3 | feff 1f00 
  0x000001a83807b760: 85db 0f84 | 4719 0000 

  0x000001a83807b768: ;   {metadata(method data for {method} {0x000001a84c00b840} 'lastIndexOf' '(II)I' in 'java/lang/String')}
  0x000001a83807b768: 498b d048 | bbd0 2c61 | 4ca8 0100 | 0048 8383 | 1001 0000 

  0x000001a83807b77c: ;   {metadata(method data for {method} {0x000001a84c00fa68} 'isLatin1' '()Z' in 'java/lang/String')}
  0x000001a83807b77c: 0148 ba08 | a82e 4ca8 | 0100 008b | 9acc 0000 | 0083 c302 | 899a cc00 | 0000 81e3 | feff 1f00 
  0x000001a83807b79c: 85db 0f84 | 2c19 0000 

  0x000001a83807b7a4: ;   {metadata(method data for {method} {0x000001a84c00fa68} 'isLatin1' '()Z' in 'java/lang/String')}
  0x000001a83807b7a4: 48ba 08a8 | 2e4c a801 | 0000 ff82 | 2001 0000 

  0x000001a83807b7b4: ;   {metadata(method data for {method} {0x000001a84c00fa68} 'isLatin1' '()Z' in 'java/lang/String')}
  0x000001a83807b7b4: 4585 c948 | ba08 a82e | 4ca8 0100 | 0049 c7c1 | 3001 0000 | 7507 49c7 | c140 0100 | 004a 8b1c 
  0x000001a83807b7d4: 0a48 8d5b | 014a 891c | 0a0f 851a 

  0x000001a83807b7e0: ;   {metadata(method data for {method} {0x000001a84c00fa68} 'isLatin1' '()Z' in 'java/lang/String')}
  0x000001a83807b7e0: 0000 0048 | ba08 a82e | 4ca8 0100 | 00ff 8250 | 0100 00ba | 0100 0000 | e905 0000 | 00ba 0000 
  0x000001a83807b800: 0000 83e2 

  0x000001a83807b804: ;   {metadata(method data for {method} {0x000001a84c00b840} 'lastIndexOf' '(II)I' in 'java/lang/String')}
  0x000001a83807b804: 0185 d248 | bad0 2c61 | 4ca8 0100 | 0049 c7c1 | 4801 0000 | 7407 49c7 | c158 0100 | 004a 8b1c 
  0x000001a83807b824: 0a48 8d5b | 014a 891c | 0a0f 8446 

  0x000001a83807b830: ;   {metadata(method data for {method} {0x000001a84c00b840} 'lastIndexOf' '(II)I' in 'java/lang/String')}
  0x000001a83807b830: 0000 0048 | bad0 2c61 | 4ca8 0100 | 0048 8382 | 6801 0000 | 0148 8bd6 | 41b8 2e00 | 0000 4c8b 
  0x000001a83807b850: cf66 0f1f 

  0x000001a83807b854: ;   {static_call}
  0x000001a83807b854: 4400 00e8 

  0x000001a83807b858: ; ImmutableOopMap {[216]=Oop [224]=Oop [232]=Oop }
                      ;*invokestatic lastIndexOf {reexecute=0 rethrow=0 return_oop=0}
                      ; - java.lang.String::lastIndexOf@13
                      ; - java.lang.String::lastIndexOf@8
                      ; - java.net.URLClassLoader::defineClass@7
  0x000001a83807b858: c40f 8c07 

  0x000001a83807b85c: ;   {other}
  0x000001a83807b85c: 0f1f 8400 | cc07 0000 

  0x000001a83807b864: ;   {metadata(method data for {method} {0x000001a84c00b840} 'lastIndexOf' '(II)I' in 'java/lang/String')}
  0x000001a83807b864: 48ba d02c | 614c a801 | 0000 ff82 | 7801 0000 | e92b 0000 

  0x000001a83807b878: ;   {metadata(method data for {method} {0x000001a84c00b840} 'lastIndexOf' '(II)I' in 'java/lang/String')}
  0x000001a83807b878: 0048 bad0 | 2c61 4ca8 | 0100 0048 | 8382 9001 | 0000 0148 | 8bd6 41b8 | 2e00 0000 

  0x000001a83807b894: ;   {static_call}
  0x000001a83807b894: 4c8b cfe8 

  0x000001a83807b898: ; ImmutableOopMap {[216]=Oop [224]=Oop [232]=Oop }
                      ;*invokestatic lastIndexOf {reexecute=0 rethrow=0 return_oop=0}
                      ; - java.lang.String::lastIndexOf@25
                      ; - java.lang.String::lastIndexOf@8
                      ; - java.net.URLClassLoader::defineClass@7
  0x000001a83807b898: e437 3507 

  0x000001a83807b89c: ;   {other}
  0x000001a83807b89c: 0f1f 8400 | 0c08 0001 | 4c8b 8c24 | e000 0000 

  0x000001a83807b8ac: ; implicit exception: dispatches to 0x000001a83807d0f1
  0x000001a83807b8ac: 493b 014d 

  0x000001a83807b8b0: ;   {metadata(method data for {method} {0x000001a84c66e588} 'defineClass' '(Ljava/lang/String;Ljdk/internal/loader/Resource;)Ljava/lang/Class;' in 'java/net/URLClassLoader')}
  0x000001a83807b8b0: 8bc1 48ba | 905b 884c | a801 0000 | 4883 8270 | 0100 0001 

  0x000001a83807b8c4: ;   {metadata(method data for {method} {0x000001a84c477ff0} 'getCodeSourceURL' '()Ljava/net/URL;' in 'jdk/internal/loader/URLClassPath$JarLoader$2')}
  0x000001a83807b8c4: 49b8 c8e6 | 884c a801 | 0000 418b | 90cc 0000 | 0083 c202 | 4189 90cc | 0000 0081 | e2fe ff1f 
  0x000001a83807b8e4: 0085 d20f | 8409 1800 | 0045 8b41 | 2041 8b70 | 1c48 89b4 | 24f8 0000 | 0083 f8ff 

  0x000001a83807b900: ;   {metadata(method data for {method} {0x000001a84c66e588} 'defineClass' '(Ljava/lang/String;Ljdk/internal/loader/Resource;)Ljava/lang/Class;' in 'java/net/URLClassLoader')}
  0x000001a83807b900: 49b8 905b | 884c a801 | 0000 48c7 | c290 0100 | 0074 0748 | c7c2 a001 | 0000 498b | 3c10 488d 
  0x000001a83807b920: 7f01 4989 | 3c10 0f84 | 7f08 0000 | 4c8b 8424 | d800 0000 

  0x000001a83807b934: ;   {metadata(method data for {method} {0x000001a84c66e588} 'defineClass' '(Ljava/lang/String;Ljdk/internal/loader/Resource;)Ljava/lang/Class;' in 'java/net/URLClassLoader')}
  0x000001a83807b934: 48ba 905b | 884c a801 | 0000 4883 | 82b0 0100 | 0001 41b8 | 0000 0000 | 4c8b c848 | 8b94 24d8 
  0x000001a83807b954: ;   {optimized virtual_call}
  0x000001a83807b954: 0000 00e8 

  0x000001a83807b958: ; ImmutableOopMap {[216]=Oop [224]=Oop [232]=Oop [248]=Oop }
                      ;*invokevirtual substring {reexecute=0 rethrow=0 return_oop=0}
                      ; - java.net.URLClassLoader::defineClass@28
  0x000001a83807b958: a442 8d07 

  0x000001a83807b95c: ;   {other}
  0x000001a83807b95c: 0f1f 8400 | cc08 0002 | 4889 8424 | 0001 0000 | 4c8b 8c24 | e000 0000 

  0x000001a83807b974: ;   {metadata(method data for {method} {0x000001a84c66e588} 'defineClass' '(Ljava/lang/String;Ljdk/internal/loader/Resource;)Ljava/lang/Class;' in 'java/net/URLClassLoader')}
  0x000001a83807b974: 48be 905b | 884c a801 | 0000 4883 | 8600 0200 

  0x000001a83807b984: ;   {metadata(method data for {method} {0x000001a84c478230} 'getManifest' '()Ljava/util/jar/Manifest;' in 'jdk/internal/loader/URLClassPath$JarLoader$2')}
  0x000001a83807b984: 0001 48be | 08e8 884c | a801 0000 | 8bbe cc00 | 0000 83c7 | 0289 becc | 0000 0081 | e7fe ff1f 
  0x000001a83807b9a4: 0085 ff0f | 846f 1700 

  0x000001a83807b9ac: ;   {metadata(method data for {method} {0x000001a84c478230} 'getManifest' '()Ljava/util/jar/Manifest;' in 'jdk/internal/loader/URLClassPath$JarLoader$2')}
  0x000001a83807b9ac: 0048 be08 | e888 4ca8 | 0100 0048 | 8386 1001 

  0x000001a83807b9bc: ;   {metadata(method data for {method} {0x000001a84c1852f0} 'javaUtilJarAccess' '()Ljdk/internal/access/JavaUtilJarAccess;' in 'jdk/internal/access/SharedSecrets')}
  0x000001a83807b9bc: 0000 0148 | be28 1490 | 4ca8 0100 | 008b becc | 0000 0083 | c702 89be | cc00 0000 | 81e7 feff 
  0x000001a83807b9dc: 1f00 85ff | 0f84 5717 

  0x000001a83807b9e4: ;   {oop(a 'java/lang/Class'{0x0000000087cab518} = 'jdk/internal/access/SharedSecrets')}
  0x000001a83807b9e4: 0000 48be | 18b5 ca87 | 0000 0000 | 8bb6 d400 | 0000 4885 

  0x000001a83807b9f8: ;   {metadata(method data for {method} {0x000001a84c1852f0} 'javaUtilJarAccess' '()Ljdk/internal/access/JavaUtilJarAccess;' in 'jdk/internal/access/SharedSecrets')}
  0x000001a83807b9f8: f648 bf28 | 1490 4ca8 | 0100 0048 | c7c3 1001 | 0000 7507 | 48c7 c320 | 0100 0048 | 8b14 1f48 
  0x000001a83807ba18: 8d52 0148 | 8914 1f0f | 8575 0200 

  0x000001a83807ba24: ;   {metadata(method data for {method} {0x000001a84c1852f0} 'javaUtilJarAccess' '()Ljdk/internal/access/JavaUtilJarAccess;' in 'jdk/internal/access/SharedSecrets')}
  0x000001a83807ba24: 0048 be28 | 1490 4ca8 | 0100 0048 | 8386 3001 

  0x000001a83807ba34: ;   {metadata(method data for {method} {0x000001a84c188268} 'ensureClassInitialized' '(Ljava/lang/Class;)V' in 'jdk/internal/access/SharedSecrets')}
  0x000001a83807ba34: 0000 0148 | bea0 1590 | 4ca8 0100 | 008b becc | 0000 0083 | c702 89be | cc00 0000 | 81e7 feff 
  0x000001a83807ba54: 1f00 85ff | 0f84 0017 

  0x000001a83807ba5c: ;   {metadata(method data for {method} {0x000001a84c188268} 'ensureClassInitialized' '(Ljava/lang/Class;)V' in 'jdk/internal/access/SharedSecrets')}
  0x000001a83807ba5c: 0000 48be | a015 904c | a801 0000 | 4883 8610 | 0100 0001 

  0x000001a83807ba70: ;   {metadata(method data for {method} {0x000001a84c2bd888} 'lookup' '()Ljava/lang/invoke/MethodHandles$Lookup;' in 'java/lang/invoke/MethodHandles')}
  0x000001a83807ba70: 48be 5017 | 904c a801 | 0000 8bbe | cc00 0000 | 83c7 0289 | becc 0000 | 0081 e7fe | ff1f 0085 
  0x000001a83807ba90: ff0f 84e8 

  0x000001a83807ba94: ;   {metadata(method data for {method} {0x000001a84c2bd888} 'lookup' '()Ljava/lang/invoke/MethodHandles$Lookup;' in 'java/lang/invoke/MethodHandles')}
  0x000001a83807ba94: 1600 0048 | be50 1790 | 4ca8 0100 | 0048 8386 | 1001 0000 | 0166 0f1f 

  0x000001a83807baac: ;   {static_call}
  0x000001a83807baac: 4400 00e8 

  0x000001a83807bab0: ; ImmutableOopMap {[216]=Oop [224]=Oop [232]=Oop [248]=Oop [256]=Oop }
                      ;*invokestatic getCallerClass {reexecute=0 rethrow=0 return_oop=0}
                      ; - java.lang.invoke.MethodHandles::lookup@0
                      ; - jdk.internal.access.SharedSecrets::ensureClassInitialized@0
                      ; - jdk.internal.access.SharedSecrets::javaUtilJarAccess@10
                      ; - jdk.internal.loader.URLClassPath$JarLoader$2::getManifest@0
                      ; - java.net.URLClassLoader::defineClass@34
  0x000001a83807bab0: cc35 3507 

  0x000001a83807bab4: ;   {other}
  0x000001a83807bab4: 0f1f 8400 | 240a 0003 | 4c8b c04d 

  0x000001a83807bac0: ;   {metadata(method data for {method} {0x000001a84c2bd888} 'lookup' '()Ljava/lang/invoke/MethodHandles$Lookup;' in 'java/lang/invoke/MethodHandles')}
  0x000001a83807bac0: 85c0 48ba | 5017 904c | a801 0000 | 48c7 c630 | 0100 0074 | 0748 c7c6 | 2001 0000 | 488b 3c32 
  0x000001a83807bae0: 488d 7f01 | 4889 3c32 | 0f84 1301 

  0x000001a83807baec: ;   {metadata('java/lang/invoke/MethodHandles$Lookup')}
  0x000001a83807baec: 0000 48ba | c816 0200 | 0100 0000 | 498b 87b8 | 0100 0048 | 8d78 2049 | 3bbf c801 | 0000 0f87 
  0x000001a83807bb0c: 9016 0000 | 4989 bfb8 | 0100 0048 | c700 0100 | 0000 488b | ca48 c1e9 | 0389 4808 | 4833 c989 
  0x000001a83807bb2c: 480c 4833 | c948 8948 | 1048 8948 | 184c 8bc8 

  0x000001a83807bb3c: ;   {metadata(method data for {method} {0x000001a84c2bd888} 'lookup' '()Ljava/lang/invoke/MethodHandles$Lookup;' in 'java/lang/invoke/MethodHandles')}
  0x000001a83807bb3c: 48bf 5017 | 904c a801 | 0000 4883 | 8750 0100 

  0x000001a83807bb4c: ;   {metadata(method data for {method} {0x000001a84c2cb868} '<init>' '(Ljava/lang/Class;)V' in 'java/lang/invoke/MethodHandles$Lookup')}
  0x000001a83807bb4c: 0001 49b9 | e818 904c | a801 0000 | 418b b9cc | 0000 0083 | c702 4189 | b9cc 0000 | 0081 e7fe 
  0x000001a83807bb6c: ff1f 0085 | ff0f 8436 | 1600 004c 

  0x000001a83807bb78: ;   {metadata(method data for {method} {0x000001a84c2cb868} '<init>' '(Ljava/lang/Class;)V' in 'java/lang/invoke/MethodHandles$Lookup')}
  0x000001a83807bb78: 8bc8 48bf | e818 904c | a801 0000 | 4883 8710 | 0100 0001 

  0x000001a83807bb8c: ;   {oop(nullptr)}
  0x000001a83807bb8c: 49b9 0000 | 0000 0000 | 0000 bf5f | 0000 0048 | 8bd0 4889 | 8424 0801 

  0x000001a83807bba4: ;   {optimized virtual_call}
  0x000001a83807bba4: 0000 90e8 

  0x000001a83807bba8: ; ImmutableOopMap {[216]=Oop [224]=Oop [232]=Oop [248]=Oop [256]=Oop [264]=Oop }
                      ;*invokespecial <init> {reexecute=0 rethrow=0 return_oop=0}
                      ; - java.lang.invoke.MethodHandles$Lookup::<init>@5
                      ; - java.lang.invoke.MethodHandles::lookup@23
                      ; - jdk.internal.access.SharedSecrets::ensureClassInitialized@0
                      ; - jdk.internal.access.SharedSecrets::javaUtilJarAccess@10
                      ; - jdk.internal.loader.URLClassPath$JarLoader$2::getManifest@0
                      ; - java.net.URLClassLoader::defineClass@34
  0x000001a83807bba8: d42e 3507 

  0x000001a83807bbac: ;   {other}
  0x000001a83807bbac: 0f1f 8400 | 1c0b 0004 | 488b 8424 | 0801 0000 

  0x000001a83807bbbc: ;   {metadata(method data for {method} {0x000001a84c188268} 'ensureClassInitialized' '(Ljava/lang/Class;)V' in 'jdk/internal/access/SharedSecrets')}
  0x000001a83807bbbc: 4c8b c048 | baa0 1590 | 4ca8 0100 | 0048 8382 | 2001 0000 

  0x000001a83807bbd0: ;   {oop(a 'java/lang/Class'{0x0000000087c52880} = 'java/util/jar/JarFile')}
  0x000001a83807bbd0: 0149 b880 | 28c5 8700 | 0000 0048 

  0x000001a83807bbdc: ;   {optimized virtual_call}
  0x000001a83807bbdc: 8bd0 90e8 

  0x000001a83807bbe0: ; ImmutableOopMap {[216]=Oop [224]=Oop [232]=Oop [248]=Oop [256]=Oop }
                      ;*invokevirtual ensureInitialized {reexecute=0 rethrow=0 return_oop=0}
                      ; - jdk.internal.access.SharedSecrets::ensureClassInitialized@4
                      ; - jdk.internal.access.SharedSecrets::javaUtilJarAccess@10
                      ; - jdk.internal.loader.URLClassPath$JarLoader$2::getManifest@0
                      ; - java.net.URLClassLoader::defineClass@34
  0x000001a83807bbe0: 9c2e 3507 

  0x000001a83807bbe4: ;   {other}
  0x000001a83807bbe4: 0f1f 8400 | 540b 0005 

  0x000001a83807bbec: ;   {metadata(method data for {method} {0x000001a84c188268} 'ensureClassInitialized' '(Ljava/lang/Class;)V' in 'jdk/internal/access/SharedSecrets')}
  0x000001a83807bbec: 48ba a015 | 904c a801 | 0000 ff82 | 5801 0000 | e986 0000 | 000f 1f80 | 0000 0000 

  0x000001a83807bc08: ;   {no_reloc}
  0x000001a83807bc08: e9d0 1500 | 0000 0000 | 0000 e9d0 | 1500 004c 

  0x000001a83807bc18: ;   {metadata(method data for {method} {0x000001a84c2bd888} 'lookup' '()Ljava/lang/invoke/MethodHandles$Lookup;' in 'java/lang/invoke/MethodHandles')}
  0x000001a83807bc18: 8bc0 48ba | 5017 904c | a801 0000 | 4883 8240 | 0100 0001 

  0x000001a83807bc2c: ;   {oop("no caller frame"{0x0000000089677470})}
  0x000001a83807bc2c: 49b8 7074 | 6789 0000 | 0000 488b | d048 8984 | 2410 0100 | 0066 0f1f 

  0x000001a83807bc44: ;   {optimized virtual_call}
  0x000001a83807bc44: 4400 00e8 

  0x000001a83807bc48: ; ImmutableOopMap {[216]=Oop [224]=Oop [232]=Oop [248]=Oop [256]=Oop [272]=Oop }
                      ;*invokespecial <init> {reexecute=0 rethrow=0 return_oop=0}
                      ; - java.lang.invoke.MethodHandles::lookup@14
                      ; - jdk.internal.access.SharedSecrets::ensureClassInitialized@0
                      ; - jdk.internal.access.SharedSecrets::javaUtilJarAccess@10
                      ; - jdk.internal.loader.URLClassPath$JarLoader$2::getManifest@0
                      ; - java.net.URLClassLoader::defineClass@34
  0x000001a83807bc48: 342e 3507 

  0x000001a83807bc4c: ;   {other}
  0x000001a83807bc4c: 0f1f 8400 | bc0b 0006 | 488b 8424 

  0x000001a83807bc58: ; ImmutableOopMap {rax=Oop [216]=Oop [224]=Oop [232]=Oop [248]=Oop [256]=Oop }
                      ;*athrow {reexecute=1 rethrow=0 return_oop=0}
                      ; - (reexecute) java.lang.invoke.MethodHandles::lookup@17
                      ; - jdk.internal.access.SharedSecrets::ensureClassInitialized@0
                      ; - jdk.internal.access.SharedSecrets::javaUtilJarAccess@10
                      ; - jdk.internal.loader.URLClassPath$JarLoader$2::getManifest@0
                      ; - java.net.URLClassLoader::defineClass@34
  0x000001a83807bc58: 1001 0000 

  0x000001a83807bc5c: ;   {section_word}
  0x000001a83807bc5c: 48ba 5cbc | 0738 a801 

  0x000001a83807bc64: ;   {runtime_call handle_exception_nofpu Runtime1 stub}
  0x000001a83807bc64: 0000 e895 | a640 0790 | 498b 8700 | 0500 004d | 33d2 4d89 | 9700 0500 | 004d 33d2 | 4d89 9708 
  0x000001a83807bc84: ;   {oop(a 'java/lang/Class'{0x0000000087cab518} = 'jdk/internal/access/SharedSecrets')}
  0x000001a83807bc84: 0500 0048 | ba18 b5ca | 8700 0000 | 008b 92d4 | 0000 0048 | 8bf2 4c8b | 8c24 e000 | 0000 418b 
  0x000001a83807bca4: 5120 8b52 | 1848 85f6 | 0f84 2000 

  0x000001a83807bcb0: ;   {metadata('java/util/jar/JavaUtilJarAccessImpl')}
  0x000001a83807bcb0: 0000 48b9 | 78dd 0300 | 0100 0000 | 8b46 0848 | c1e0 0348 | 3b48 380f | 852c 1500 | 00e9 0000 
  0x000001a83807bcd0: 0000 488b | fe48 3b06 

  0x000001a83807bcd8: ;   {metadata(method data for {method} {0x000001a84c478230} 'getManifest' '()Ljava/util/jar/Manifest;' in 'jdk/internal/loader/URLClassPath$JarLoader$2')}
  0x000001a83807bcd8: 48bf 08e8 | 884c a801 

  0x000001a83807bce0: ;   {metadata('java/util/jar/JavaUtilJarAccessImpl')}
  0x000001a83807bce0: 0000 49ba | 78dd 0300 | 0100 0000 | 4c89 9730 | 0100 0048 | 8387 3801 

  0x000001a83807bcf8: ;   {metadata(method data for {method} {0x000001a84c3cd490} 'ensureInitialization' '(Ljava/util/jar/JarFile;)V' in 'java/util/jar/JavaUtilJarAccessImpl')}
  0x000001a83807bcf8: 0000 0148 | bed8 e988 | 4ca8 0100 | 008b becc | 0000 0083 | c702 89be | cc00 0000 | 81e7 feff 
  0x000001a83807bd18: 1f00 85ff | 0f84 e114 | 0000 483b | 0248 8bf2 

  0x000001a83807bd28: ;   {metadata(method data for {method} {0x000001a84c3cd490} 'ensureInitialization' '(Ljava/util/jar/JarFile;)V' in 'java/util/jar/JavaUtilJarAccessImpl')}
  0x000001a83807bd28: 48bf d8e9 | 884c a801 | 0000 8b76 | 0848 c1e6 | 0348 3bb7 | 2001 0000 | 750d 4883 | 8728 0100 
  0x000001a83807bd48: 0001 e960 | 0000 0048 | 3bb7 3001 | 0000 750d | 4883 8738 | 0100 0001 | e94a 0000 | 0048 83bf 
  0x000001a83807bd68: 2001 0000 | 0075 1748 | 89b7 2001 | 0000 48c7 | 8728 0100 | 0001 0000 | 00e9 2900 | 0000 4883 
  0x000001a83807bd88: bf30 0100 | 0000 7517 | 4889 b730 | 0100 0048 | c787 3801 | 0000 0100 | 0000 e908 | 0000 0048 
  0x000001a83807bda8: 8387 1001 

  0x000001a83807bdac: ;   {optimized virtual_call}
  0x000001a83807bdac: 0000 01e8 

  0x000001a83807bdb0: ; ImmutableOopMap {[216]=Oop [224]=Oop [232]=Oop [248]=Oop [256]=Oop }
                      ;*invokevirtual ensureInitialization {reexecute=0 rethrow=0 return_oop=0}
                      ; - java.util.jar.JavaUtilJarAccessImpl::ensureInitialization@1
                      ; - jdk.internal.loader.URLClassPath$JarLoader$2::getManifest@10
                      ; - java.net.URLClassLoader::defineClass@34
  0x000001a83807bdb0: 8917 0000 

  0x000001a83807bdb4: ;   {other}
  0x000001a83807bdb4: 0f1f 8400 | 240d 0008 | 4c8b 8c24 | e000 0000 | 418b 5120 

  0x000001a83807bdc8: ; implicit exception: dispatches to 0x000001a83807d229
  0x000001a83807bdc8: 8b52 1848 | 3b02 488b 

  0x000001a83807bdd0: ;   {metadata(method data for {method} {0x000001a84c478230} 'getManifest' '()Ljava/util/jar/Manifest;' in 'jdk/internal/loader/URLClassPath$JarLoader$2')}
  0x000001a83807bdd0: f248 bf08 | e888 4ca8 | 0100 008b | 7608 48c1 | e603 483b | b768 0100 | 0075 0d48 | 8387 7001 
  0x000001a83807bdf0: 0000 01e9 | 6000 0000 | 483b b778 | 0100 0075 | 0d48 8387 | 8001 0000 | 01e9 4a00 | 0000 4883 
  0x000001a83807be10: bf68 0100 | 0000 7517 | 4889 b768 | 0100 0048 | c787 7001 | 0000 0100 | 0000 e929 | 0000 0048 
  0x000001a83807be30: 83bf 7801 | 0000 0075 | 1748 89b7 | 7801 0000 | 48c7 8780 | 0100 0001 | 0000 00e9 | 0800 0000 
  0x000001a83807be50: 4883 8758 | 0100 0001 | 0f1f 4400 | 0048 b858 | d803 0001 

  0x000001a83807be64: ;   {virtual_call}
  0x000001a83807be64: 0000 00e8 

  0x000001a83807be68: ; ImmutableOopMap {[216]=Oop [224]=Oop [232]=Oop [248]=Oop [256]=Oop }
                      ;*invokevirtual getManifest {reexecute=0 rethrow=0 return_oop=0}
                      ; - jdk.internal.loader.URLClassPath$JarLoader$2::getManifest@22
                      ; - java.net.URLClassLoader::defineClass@34
  0x000001a83807be68: d4c8 feff 

  0x000001a83807be6c: ;   {other}
  0x000001a83807be6c: 0f1f 8400 | dc0d 0009 | 4889 8424 | 1801 0000 | 488b 9424 | e800 0000 

  0x000001a83807be84: ;   {metadata(method data for {method} {0x000001a84c66e588} 'defineClass' '(Ljava/lang/String;Ljdk/internal/loader/Resource;)Ljava/lang/Class;' in 'java/net/URLClassLoader')}
  0x000001a83807be84: 49b8 905b | 884c a801 | 0000 4983 | 8020 0200 | 0001 4c8b | 8424 0001 | 0000 4c8b | c848 8bbc 
  0x000001a83807bea4: 24f8 0000 | 0048 8b94 | 24e8 0000 | 0066 0f1f 

  0x000001a83807beb4: ;   {optimized virtual_call}
  0x000001a83807beb4: 4400 00e8 

  0x000001a83807beb8: ; ImmutableOopMap {[216]=Oop [224]=Oop [232]=Oop [248]=Oop [256]=Oop [280]=Oop }
                      ;*invokevirtual getAndVerifyPackage {reexecute=0 rethrow=0 return_oop=0}
                      ; - java.net.URLClassLoader::defineClass@46
  0x000001a83807beb8: 6473 ffff 

  0x000001a83807bebc: ;   {other}
  0x000001a83807bebc: 0f1f 8400 | 2c0e 000a 

  0x000001a83807bec4: ;   {metadata(method data for {method} {0x000001a84c66e588} 'defineClass' '(Ljava/lang/String;Ljdk/internal/loader/Resource;)Ljava/lang/Class;' in 'java/net/URLClassLoader')}
  0x000001a83807bec4: 4885 c049 | b890 5b88 | 4ca8 0100 | 0049 c7c1 | 6802 0000 | 7407 49c7 | c158 0200 | 004b 8b3c 
  0x000001a83807bee4: 0848 8d7f | 014b 893c | 080f 840d | 0000 004c | 8b8c 24e0 | 0000 00e9 | ab02 0000 | 488b 8424 
  0x000001a83807bf04: 1801 0000 

  0x000001a83807bf08: ;   {metadata(method data for {method} {0x000001a84c66e588} 'defineClass' '(Ljava/lang/String;Ljdk/internal/loader/Resource;)Ljava/lang/Class;' in 'java/net/URLClassLoader')}
  0x000001a83807bf08: 4885 c049 | b890 5b88 | 4ca8 0100 | 0049 c7c1 | 7802 0000 | 7407 49c7 | c188 0200 | 004b 8b3c 
  0x000001a83807bf28: 0848 8d7f | 014b 893c | 0848 8b94 | 24e8 0000 | 000f 84cb 

  0x000001a83807bf3c: ;   {metadata(method data for {method} {0x000001a84c66e588} 'defineClass' '(Ljava/lang/String;Ljdk/internal/loader/Resource;)Ljava/lang/Class;' in 'java/net/URLClassLoader')}
  0x000001a83807bf3c: 0000 0049 | b890 5b88 | 4ca8 0100 | 008b 5208 | 48c1 e203 | 493b 90a8 | 0200 0075 | 0d49 8380 
  0x000001a83807bf5c: b002 0000 | 01e9 6000 | 0000 493b | 90b8 0200 | 0075 0d49 | 8380 c002 | 0000 01e9 | 4a00 0000 
  0x000001a83807bf7c: 4983 b8a8 | 0200 0000 | 7517 4989 | 90a8 0200 | 0049 c780 | b002 0000 | 0100 0000 | e929 0000 
  0x000001a83807bf9c: 0049 83b8 | b802 0000 | 0075 1749 | 8990 b802 | 0000 49c7 | 80c0 0200 | 0001 0000 | 00e9 0800 
  0x000001a83807bfbc: 0000 4983 | 8098 0200 | 0001 4c8b | 8424 0001 | 0000 4c8b | c848 8bbc | 24f8 0000 | 0048 8b94 
  0x000001a83807bfdc: 24e8 0000 | 0066 0f1f 

  0x000001a83807bfe4: ;   {optimized virtual_call}
  0x000001a83807bfe4: 4400 00e8 

  0x000001a83807bfe8: ; ImmutableOopMap {[216]=Oop [224]=Oop [232]=Oop [248]=Oop [256]=Oop [280]=Oop }
                      ;*invokevirtual definePackage {reexecute=0 rethrow=0 return_oop=0}
                      ; - java.net.URLClassLoader::defineClass@64
  0x000001a83807bfe8: 7115 0000 

  0x000001a83807bfec: ;   {other}
  0x000001a83807bfec: 0f1f 8400 | 5c0f 000b 

  0x000001a83807bff4: ;   {metadata(method data for {method} {0x000001a84c66e588} 'defineClass' '(Ljava/lang/String;Ljdk/internal/loader/Resource;)Ljava/lang/Class;' in 'java/net/URLClassLoader')}
  0x000001a83807bff4: 49b8 905b | 884c a801 | 0000 41ff | 80d0 0200 | 00e9 ea00 

  0x000001a83807c008: ;   {metadata(method data for {method} {0x000001a84c66e588} 'defineClass' '(Ljava/lang/String;Ljdk/internal/loader/Resource;)Ljava/lang/Class;' in 'java/net/URLClassLoader')}
  0x000001a83807c008: 0000 49b8 | 905b 884c | a801 0000 | 8b52 0848 | c1e2 0349 | 3b90 f802 | 0000 750d | 4983 8000 
  0x000001a83807c028: 0300 0001 | e960 0000 | 0049 3b90 | 0803 0000 | 750d 4983 | 8010 0300 | 0001 e94a | 0000 0049 
  0x000001a83807c048: 83b8 f802 | 0000 0075 | 1749 8990 | f802 0000 | 49c7 8000 | 0300 0001 | 0000 00e9 | 2900 0000 
  0x000001a83807c068: 4983 b808 | 0300 0000 | 7517 4989 | 9008 0300 | 0049 c780 | 1003 0000 | 0100 0000 | e908 0000 
  0x000001a83807c088: 0049 8380 | e802 0000 | 014c 8b84 | 2400 0100 

  0x000001a83807c098: ;   {oop(nullptr)}
  0x000001a83807c098: 0049 b900 | 0000 0000 

  0x000001a83807c0a0: ;   {oop(nullptr)}
  0x000001a83807c0a0: 0000 0048 | bf00 0000 | 0000 0000 

  0x000001a83807c0ac: ;   {oop(nullptr)}
  0x000001a83807c0ac: 0048 be00 | 0000 0000 

  0x000001a83807c0b4: ;   {oop(nullptr)}
  0x000001a83807c0b4: 0000 0048 | b900 0000 | 0000 0000 | 004d 33d2 | 4c89 1424 | 4d33 d24c | 8954 2408 | 4d33 d24c 
  0x000001a83807c0d4: 8954 2410 | 488b 9424 | e800 0000 | 0f1f 8000 

  0x000001a83807c0e4: ;   {optimized virtual_call}
  0x000001a83807c0e4: 0000 00e8 

  0x000001a83807c0e8: ; ImmutableOopMap {[216]=Oop [224]=Oop [232]=Oop [248]=Oop [256]=Oop [280]=Oop }
                      ;*invokevirtual definePackage {reexecute=0 rethrow=0 return_oop=0}
                      ; - java.net.URLClassLoader::defineClass@81
  0x000001a83807c0e8: 9429 3507 

  0x000001a83807c0ec: ;   {other}
  0x000001a83807c0ec: 0f1f 8400 | 5c10 000c 

  0x000001a83807c0f4: ;   {metadata(method data for {method} {0x000001a84c66e588} 'defineClass' '(Ljava/lang/String;Ljdk/internal/loader/Resource;)Ljava/lang/Class;' in 'java/net/URLClassLoader')}
  0x000001a83807c0f4: 48b8 905b | 884c a801 | 0000 ff80 | 2003 0000 | 4c8b 8c24 | e000 0000 | e99a 0000 | 004c 8b8c 
  0x000001a83807c114: 2418 0100 | 0049 8b87 | 0005 0000 | 4d33 d24d | 8997 0005 | 0000 4d33 | d24d 8997 | 0805 0000 
  0x000001a83807c134: 488b 9424 | e800 0000 

  0x000001a83807c13c: ;   {metadata(method data for {method} {0x000001a84c66e588} 'defineClass' '(Ljava/lang/String;Ljdk/internal/loader/Resource;)Ljava/lang/Class;' in 'java/net/URLClassLoader')}
  0x000001a83807c13c: 49b8 905b | 884c a801 | 0000 4983 | 8038 0300 | 0001 4c8b | 8424 0001 | 0000 488b | bc24 f800 
  0x000001a83807c15c: 0000 488b | 9424 e800 

  0x000001a83807c164: ;   {optimized virtual_call}
  0x000001a83807c164: 0000 90e8 

  0x000001a83807c168: ; ImmutableOopMap {[216]=Oop [224]=Oop [232]=Oop [248]=Oop [256]=Oop }
                      ;*invokevirtual getAndVerifyPackage {reexecute=0 rethrow=0 return_oop=0}
                      ; - java.net.URLClassLoader::defineClass@97
  0x000001a83807c168: 1429 3507 

  0x000001a83807c16c: ;   {other}
  0x000001a83807c16c: 0f1f 8400 | dc10 000d 

  0x000001a83807c174: ;   {metadata(method data for {method} {0x000001a84c66e588} 'defineClass' '(Ljava/lang/String;Ljdk/internal/loader/Resource;)Ljava/lang/Class;' in 'java/net/URLClassLoader')}
  0x000001a83807c174: 4885 c048 | b890 5b88 | 4ca8 0100 | 0049 c7c0 | 8003 0000 | 7407 49c7 | c070 0300 | 004a 8b14 
  0x000001a83807c194: 0048 8d52 | 014a 8914 | 000f 84b7 | 0a00 004c | 8b8c 24e0 | 0000 0049 

  0x000001a83807c1ac: ;   {metadata(method data for {method} {0x000001a84c66e588} 'defineClass' '(Ljava/lang/String;Ljdk/internal/loader/Resource;)Ljava/lang/Class;' in 'java/net/URLClassLoader')}
  0x000001a83807c1ac: 8bc1 49b8 | 905b 884c | a801 0000 | 8b40 0848 | c1e0 0349 | 3b80 6804 | 0000 750d | 4983 8070 
  0x000001a83807c1cc: 0400 0001 | e960 0000 | 0049 3b80 | 7804 0000 | 750d 4983 | 8080 0400 | 0001 e94a | 0000 0049 
  0x000001a83807c1ec: 83b8 6804 | 0000 0075 | 1749 8980 | 6804 0000 | 49c7 8070 | 0400 0001 | 0000 00e9 | 2900 0000 
  0x000001a83807c20c: 4983 b878 | 0400 0000 | 7517 4989 | 8078 0400 | 0049 c780 | 8004 0000 | 0100 0000 | e908 0000 
  0x000001a83807c22c: 0049 8380 | 5804 0000 

  0x000001a83807c234: ;   {metadata(method data for {method} {0x000001a84c4792d8} 'getByteBuffer' '()Ljava/nio/ByteBuffer;' in 'jdk/internal/loader/Resource')}
  0x000001a83807c234: 0148 b808 | f788 4ca8 | 0100 0044 | 8b80 cc00 | 0000 4183 | c002 4489 | 80cc 0000 | 0041 81e0 
  0x000001a83807c254: feff 1f00 | 4585 c00f | 84d2 0f00 | 0049 8bc1 

  0x000001a83807c264: ;   {metadata(method data for {method} {0x000001a84c4792d8} 'getByteBuffer' '()Ljava/nio/ByteBuffer;' in 'jdk/internal/loader/Resource')}
  0x000001a83807c264: 49b8 08f7 | 884c a801 | 0000 4983 | 8010 0100 | 0001 4c8d | 8424 5801 | 0000 4d89 | 4808 498b 
  0x000001a83807c284: 0148 83c8 | 0149 8900 | f04d 0fb1 | 010f 8412 | 0000 0048 | 2bc4 4825 | 07f0 ffff | 4989 000f 
  0x000001a83807c2a4: 85ab 0f00 | 0049 ff87 | 5005 0000 

  0x000001a83807c2b0: ;   {metadata(method data for {method} {0x000001a84c478f70} 'cachedInputStream' '()Ljava/io/InputStream;' in 'jdk/internal/loader/Resource')}
  0x000001a83807c2b0: 49b8 0825 | 954c a801 | 0000 418b | 90cc 0000 | 0083 c202 | 4189 90cc | 0000 0081 | e2fe ff1f 
  0x000001a83807c2d0: 0085 d20f | 848e 0f00 | 0045 8b41 | 0c4d 85c0 

  0x000001a83807c2e0: ;   {metadata(method data for {method} {0x000001a84c478f70} 'cachedInputStream' '()Ljava/io/InputStream;' in 'jdk/internal/loader/Resource')}
  0x000001a83807c2e0: 49b8 0825 | 954c a801 | 0000 48c7 | c210 0100 | 0075 0748 | c7c2 2001 | 0000 498b | 3410 488d 
  0x000001a83807c300: 7601 4989 | 3410 0f85 | 1801 0000 

  0x000001a83807c30c: ;   {metadata(method data for {method} {0x000001a84c478f70} 'cachedInputStream' '()Ljava/io/InputStream;' in 'jdk/internal/loader/Resource')}
  0x000001a83807c30c: 4d8b c148 | ba08 2595 | 4ca8 0100 | 0048 8382 | 4801 0000 

  0x000001a83807c320: ;   {metadata(method data for {method} {0x000001a84c4780b0} 'getInputStream' '()Ljava/io/InputStream;' in 'jdk/internal/loader/URLClassPath$JarLoader$2')}
  0x000001a83807c320: 0149 b8b0 | 2695 4ca8 | 0100 0041 | 8b90 cc00 | 0000 83c2 | 0241 8990 | cc00 0000 | 81e2 feff 
  0x000001a83807c340: 1f00 85d2 | 0f84 3e0f | 0000 458b | 4120 418b | 5018 458b | 411c 483b | 0248 8bf2 

  0x000001a83807c35c: ;   {metadata(method data for {method} {0x000001a84c4780b0} 'getInputStream' '()Ljava/io/InputStream;' in 'jdk/internal/loader/URLClassPath$JarLoader$2')}
  0x000001a83807c35c: 48bf b026 | 954c a801 | 0000 8b76 | 0848 c1e6 | 0348 3bb7 | 2001 0000 | 750d 4883 | 8728 0100 
  0x000001a83807c37c: 0001 e960 | 0000 0048 | 3bb7 3001 | 0000 750d | 4883 8738 | 0100 0001 | e94a 0000 | 0048 83bf 
  0x000001a83807c39c: 2001 0000 | 0075 1748 | 89b7 2001 | 0000 48c7 | 8728 0100 | 0001 0000 | 00e9 2900 | 0000 4883 
  0x000001a83807c3bc: bf30 0100 | 0000 7517 | 4889 b730 | 0100 0048 | c787 3801 | 0000 0100 | 0000 e908 | 0000 0048 
  0x000001a83807c3dc: 8387 1001 | 0000 010f 

  0x000001a83807c3e4: ;   {optimized virtual_call}
  0x000001a83807c3e4: 1f40 00e8 

  0x000001a83807c3e8: ; ImmutableOopMap {[216]=Oop [224]=Oop [232]=Oop [248]=Oop [352]=Oop }
                      ;*invokevirtual getInputStream {reexecute=0 rethrow=0 return_oop=0}
                      ; - jdk.internal.loader.URLClassPath$JarLoader$2::getInputStream@11
                      ; - jdk.internal.loader.Resource::cachedInputStream@9
                      ; - jdk.internal.loader.Resource::getByteBuffer@1
                      ; - java.net.URLClassLoader::defineClass@132
  0x000001a83807c3e8: b4d3 ffff 

  0x000001a83807c3ec: ;   {other}
  0x000001a83807c3ec: 0f1f 8400 | 5c13 000e | 410f be57 | 4085 d24c | 8b8c 24e0 | 0000 000f | 85aa 0e00 | 004c 8bd0 
  0x000001a83807c40c: 4589 510c | 498b d148 | 33d0 48c1 | ea14 4883 | fa00 0f85 | ab0e 0000 | 418b 510c | 488d 8424 
  0x000001a83807c42c: 5801 0000 | 488b 3048 | 85f6 0f84 | 0f00 0000 | 488b 7808 | f048 0fb1 | 370f 859c | 0e00 0049 
  0x000001a83807c44c: ff8f 5005 | 0000 4885 

  0x000001a83807c454: ;   {metadata(method data for {method} {0x000001a84c4792d8} 'getByteBuffer' '()Ljava/nio/ByteBuffer;' in 'jdk/internal/loader/Resource')}
  0x000001a83807c454: d275 1648 | bb08 f788 | 4ca8 0100 | 0080 8b41 | 0100 0001 | e9d5 0000 

  0x000001a83807c46c: ;   {metadata('sun/nio/ByteBuffered')}
  0x000001a83807c46c: 0048 b808 | b800 0001 | 0000 008b | 5a08 48c1 | e303 483b | 4320 0f84 | 1a00 0000 | 483b d80f 
  0x000001a83807c48c: 8411 0000 

  0x000001a83807c490: ;   {runtime_call slow_subtype_check Runtime1 stub}
  0x000001a83807c490: 0053 50e8 | 68b0 4007 | 5b5b 85db | 0f84 8400 

  0x000001a83807c4a0: ;   {metadata(method data for {method} {0x000001a84c4792d8} 'getByteBuffer' '()Ljava/nio/ByteBuffer;' in 'jdk/internal/loader/Resource')}
  0x000001a83807c4a0: 0000 48bb | 08f7 884c | a801 0000 | 8b42 0848 | c1e0 0348 | 3b83 5801 | 0000 750d | 4883 8360 
  0x000001a83807c4c0: 0100 0001 | e97e 0000 | 0048 3b83 | 6801 0000 | 750d 4883 | 8370 0100 | 0001 e968 | 0000 0048 
  0x000001a83807c4e0: 83bb 5801 | 0000 0075 | 1748 8983 | 5801 0000 | 48c7 8360 | 0100 0001 | 0000 00e9 | 4700 0000 
  0x000001a83807c500: 4883 bb68 | 0100 0000 | 7517 4889 | 8368 0100 | 0048 c783 | 7001 0000 | 0100 0000 | e926 0000 
  0x000001a83807c520: 00e9 2100 

  0x000001a83807c524: ;   {metadata(method data for {method} {0x000001a84c4792d8} 'getByteBuffer' '()Ljava/nio/ByteBuffer;' in 'jdk/internal/loader/Resource')}
  0x000001a83807c524: 0000 48bb | 08f7 884c | a801 0000 | 4883 ab48 | 0100 0001 | e905 0000 | 00e9 0500 | 0000 4833 
  0x000001a83807c544: f6eb 0748 | c7c6 0100 | 0000 85f6 

  0x000001a83807c550: ;   {metadata(method data for {method} {0x000001a84c4792d8} 'getByteBuffer' '()Ljava/nio/ByteBuffer;' in 'jdk/internal/loader/Resource')}
  0x000001a83807c550: 48be 08f7 | 884c a801 | 0000 48c7 | c780 0100 | 0074 0748 | c7c7 9001 | 0000 488b | 1c3e 488d 
  0x000001a83807c570: 5b01 4889 | 1c3e 0f84 | 9d01 0000 | 4885 d275 

  0x000001a83807c580: ;   {metadata(method data for {method} {0x000001a84c4792d8} 'getByteBuffer' '()Ljava/nio/ByteBuffer;' in 'jdk/internal/loader/Resource')}
  0x000001a83807c580: 1648 bf08 | f788 4ca8 | 0100 0080 | 8f99 0100 | 0001 e9d5 

  0x000001a83807c594: ;   {metadata('sun/nio/ByteBuffered')}
  0x000001a83807c594: 0000 0048 | bb08 b800 | 0001 0000 | 008b 7a08 | 48c1 e703 | 483b 5f20 | 0f84 1a00 | 0000 483b 
  0x000001a83807c5b4: fb0f 8411 | 0000 0057 

  0x000001a83807c5bc: ;   {runtime_call slow_subtype_check Runtime1 stub}
  0x000001a83807c5bc: 53e8 3eaf | 4007 5f5f | 85ff 0f84 | 8400 0000 

  0x000001a83807c5cc: ;   {metadata(method data for {method} {0x000001a84c4792d8} 'getByteBuffer' '()Ljava/nio/ByteBuffer;' in 'jdk/internal/loader/Resource')}
  0x000001a83807c5cc: 48bf 08f7 | 884c a801 | 0000 8b5a | 0848 c1e3 | 0348 3b9f | b001 0000 | 750d 4883 | 87b8 0100 
  0x000001a83807c5ec: 0001 e979 | 0000 0048 | 3b9f c001 | 0000 750d | 4883 87c8 | 0100 0001 | e963 0000 | 0048 83bf 
  0x000001a83807c60c: b001 0000 | 0075 1748 | 899f b001 | 0000 48c7 | 87b8 0100 | 0001 0000 | 00e9 4200 | 0000 4883 
  0x000001a83807c62c: bfc0 0100 | 0000 7517 | 4889 9fc0 | 0100 0048 | c787 c801 | 0000 0100 | 0000 e921 | 0000 00e9 
  0x000001a83807c64c: 1c00 0000 

  0x000001a83807c650: ;   {metadata(method data for {method} {0x000001a84c4792d8} 'getByteBuffer' '()Ljava/nio/ByteBuffer;' in 'jdk/internal/loader/Resource')}
  0x000001a83807c650: 48bf 08f7 | 884c a801 | 0000 4883 | afa0 0100 | 0001 e996 | 0c00 00e9 | 0000 0000 

  0x000001a83807c66c: ; implicit exception: dispatches to 0x000001a83807d306
  0x000001a83807c66c: 483b 0248 

  0x000001a83807c670: ;   {metadata(method data for {method} {0x000001a84c4792d8} 'getByteBuffer' '()Ljava/nio/ByteBuffer;' in 'jdk/internal/loader/Resource')}
  0x000001a83807c670: 8bf2 48bf | 08f7 884c | a801 0000 | 8b76 0848 | c1e6 0348 | 3bb7 e801 | 0000 750d | 4883 87f0 
  0x000001a83807c690: 0100 0001 | e960 0000 | 0048 3bb7 | f801 0000 | 750d 4883 | 8700 0200 | 0001 e94a | 0000 0048 
  0x000001a83807c6b0: 83bf e801 | 0000 0075 | 1748 89b7 | e801 0000 | 48c7 87f0 | 0100 0001 | 0000 00e9 | 2900 0000 
  0x000001a83807c6d0: 4883 bff8 | 0100 0000 | 7517 4889 | b7f8 0100 | 0048 c787 | 0002 0000 | 0100 0000 | e908 0000 
  0x000001a83807c6f0: 0048 8387 | d801 0000 | 010f 1f40 | 0048 b8ff | ffff ffff 

  0x000001a83807c704: ;   {virtual_call}
  0x000001a83807c704: ffff ffe8 

  0x000001a83807c708: ; ImmutableOopMap {[216]=Oop [224]=Oop [232]=Oop [248]=Oop }
                      ;*invokeinterface getByteBuffer {reexecute=0 rethrow=0 return_oop=0}
                      ; - jdk.internal.loader.Resource::getByteBuffer@16
                      ; - java.net.URLClassLoader::defineClass@132
  0x000001a83807c708: 7426 3507 

  0x000001a83807c70c: ;   {other}
  0x000001a83807c70c: 0f1f 8400 | 7c16 000f | e90a 0000 

  0x000001a83807c718: ;   {oop(nullptr)}
  0x000001a83807c718: 0048 b800 | 0000 0000 | 0000 0048 

  0x000001a83807c724: ;   {metadata(method data for {method} {0x000001a84c66e588} 'defineClass' '(Ljava/lang/String;Ljdk/internal/loader/Resource;)Ljava/lang/Class;' in 'java/net/URLClassLoader')}
  0x000001a83807c724: 85c0 48ba | 905b 884c | a801 0000 | 48c7 c690 | 0400 0074 | 0748 c7c6 | a004 0000 | 488b 3c32 
  0x000001a83807c744: 488d 7f01 | 4889 3c32 | 0f84 7002 | 0000 4889 | 8424 2001 | 0000 4c8b | 8c24 e000 | 0000 498b 
  0x000001a83807c764: ;   {metadata(method data for {method} {0x000001a84c66e588} 'defineClass' '(Ljava/lang/String;Ljdk/internal/loader/Resource;)Ljava/lang/Class;' in 'java/net/URLClassLoader')}
  0x000001a83807c764: d148 be90 | 5b88 4ca8 

  0x000001a83807c76c: ;   {metadata('jdk/internal/loader/URLClassPath$JarLoader$2')}
  0x000001a83807c76c: 0100 0049 | ba78 9700 | 0001 0000 | 004c 8996 | c004 0000 | 4883 86c8 | 0400 0001 

  0x000001a83807c788: ;   {metadata(method data for {method} {0x000001a84c478390} 'getCodeSigners' '()[Ljava/security/CodeSigner;' in 'jdk/internal/loader/URLClassPath$JarLoader$2')}
  0x000001a83807c788: 48ba 58f9 | 884c a801 | 0000 8bb2 | cc00 0000 | 83c6 0289 | b2cc 0000 | 0081 e6fe | ff1f 0085 
  0x000001a83807c7a8: f60f 845c | 0b00 0041 | 8b51 1c48 | 3b02 488b 

  0x000001a83807c7b8: ;   {metadata(method data for {method} {0x000001a84c478390} 'getCodeSigners' '()[Ljava/security/CodeSigner;' in 'jdk/internal/loader/URLClassPath$JarLoader$2')}
  0x000001a83807c7b8: f248 bf58 | f988 4ca8 | 0100 008b | 7608 48c1 | e603 483b | b720 0100 | 0075 0d48 | 8387 2801 
  0x000001a83807c7d8: 0000 01e9 | 6000 0000 | 483b b730 | 0100 0075 | 0d48 8387 | 3801 0000 | 01e9 4a00 | 0000 4883 
  0x000001a83807c7f8: bf20 0100 | 0000 7517 | 4889 b720 | 0100 0048 | c787 2801 | 0000 0100 | 0000 e929 | 0000 0048 
  0x000001a83807c818: 83bf 3001 | 0000 0075 | 1748 89b7 | 3001 0000 | 48c7 8738 | 0100 0001 | 0000 00e9 | 0800 0000 
  0x000001a83807c838: 4883 8710 | 0100 0001 | 0f1f 4400 | 0048 b8ff | ffff ffff 

  0x000001a83807c84c: ;   {virtual_call}
  0x000001a83807c84c: ffff ffe8 

  0x000001a83807c850: ; ImmutableOopMap {[216]=Oop [232]=Oop [248]=Oop [288]=Oop }
                      ;*invokevirtual getCodeSigners {reexecute=0 rethrow=0 return_oop=0}
                      ; - jdk.internal.loader.URLClassPath$JarLoader$2::getCodeSigners@4
                      ; - java.net.URLClassLoader::defineClass@143
  0x000001a83807c850: 2c25 3507 

  0x000001a83807c854: ;   {other}
  0x000001a83807c854: 0f1f 8400 | c417 0010 

  0x000001a83807c85c: ;   {metadata('java/security/CodeSource')}
  0x000001a83807c85c: 4c8b c848 | ba18 5b05 | 0001 0000 | 0049 8b87 | b801 0000 | 488d 7828 | 493b bfc8 | 0100 000f 
  0x000001a83807c87c: 87b0 0a00 | 0049 89bf | b801 0000 | 48c7 0001 | 0000 0048 | 8bca 48c1 | e903 8948 | 0848 33c9 
  0x000001a83807c89c: 8948 0c48 | 33c9 4889 | 4810 4889 | 4818 4889 | 4820 4c8b 

  0x000001a83807c8b0: ;   {metadata(method data for {method} {0x000001a84c66e588} 'defineClass' '(Ljava/lang/String;Ljdk/internal/loader/Resource;)Ljava/lang/Class;' in 'java/net/URLClassLoader')}
  0x000001a83807c8b0: c048 ba90 | 5b88 4ca8 | 0100 0048 | 8382 e804 | 0000 014c | 8b84 24f8 | 0000 0048 | 8bd0 4889 
  0x000001a83807c8d0: 8424 2801 

  0x000001a83807c8d4: ;   {optimized virtual_call}
  0x000001a83807c8d4: 0000 90e8 

  0x000001a83807c8d8: ; ImmutableOopMap {[216]=Oop [232]=Oop [288]=Oop [296]=Oop }
                      ;*invokespecial <init> {reexecute=0 rethrow=0 return_oop=0}
                      ; - java.net.URLClassLoader::defineClass@156
  0x000001a83807c8d8: a421 3507 

  0x000001a83807c8dc: ;   {other}
  0x000001a83807c8dc: 0f1f 8400 | 4c18 0011 

  0x000001a83807c8e4: ;   {metadata(method data for {method} {0x000001a84c66e588} 'defineClass' '(Ljava/lang/String;Ljdk/internal/loader/Resource;)Ljava/lang/Class;' in 'java/net/URLClassLoader')}
  0x000001a83807c8e4: 49b8 905b | 884c a801 | 0000 4983 | 80f8 0400 

  0x000001a83807c8f4: ;   {metadata(method data for {method} {0x000001a84c446ef0} 'getReadClassBytesTime' '()Ljdk/internal/perf/PerfCounter;' in 'jdk/internal/perf/PerfCounter')}
  0x000001a83807c8f4: 0001 49b8 | 10fd 884c | a801 0000 | 418b 90cc | 0000 0083 | c202 4189 | 90cc 0000 | 0081 e2fe 
  0x000001a83807c914: ff1f 0085 | d20f 841f 

  0x000001a83807c91c: ;   {oop(a 'jdk/internal/perf/PerfCounter'{0x0000000087c39c28})}
  0x000001a83807c91c: 0a00 0048 | ba28 9cc3 | 8700 0000 | 004c 8bc2 

  0x000001a83807c92c: ;   {metadata(method data for {method} {0x000001a84c66e588} 'defineClass' '(Ljava/lang/String;Ljdk/internal/loader/Resource;)Ljava/lang/Class;' in 'java/net/URLClassLoader')}
  0x000001a83807c92c: 48be 905b | 884c a801 

  0x000001a83807c934: ;   {metadata('jdk/internal/perf/PerfCounter')}
  0x000001a83807c934: 0000 49ba | 90c5 0100 | 0100 0000 | 4c89 9618 | 0500 0048 | 8386 2005 | 0000 014c | 8b84 24f0 
  0x000001a83807c954: ;   {optimized virtual_call}
  0x000001a83807c954: 0000 00e8 

  0x000001a83807c958: ; ImmutableOopMap {[216]=Oop [232]=Oop [288]=Oop [296]=Oop }
                      ;*invokevirtual addElapsedTimeFrom {reexecute=0 rethrow=0 return_oop=0}
                      ; - java.net.URLClassLoader::defineClass@165
  0x000001a83807c958: 2421 3507 

  0x000001a83807c95c: ;   {other}
  0x000001a83807c95c: 0f1f 8400 | cc18 0012 | 488b 9424 | e800 0000 

  0x000001a83807c96c: ;   {metadata(method data for {method} {0x000001a84c66e588} 'defineClass' '(Ljava/lang/String;Ljdk/internal/loader/Resource;)Ljava/lang/Class;' in 'java/net/URLClassLoader')}
  0x000001a83807c96c: 49b8 905b | 884c a801 | 0000 4983 | 8040 0500 | 0001 4c8b | 8424 d800 | 0000 4c8b | 8c24 2001 
  0x000001a83807c98c: 0000 488b | bc24 2801 | 0000 488b | 9424 e800 

  0x000001a83807c99c: ;   {optimized virtual_call}
  0x000001a83807c99c: 0000 90e8 

  0x000001a83807c9a0: ; ImmutableOopMap {}
                      ;*invokevirtual defineClass {reexecute=0 rethrow=0 return_oop=0}
                      ; - java.net.URLClassLoader::defineClass@174
  0x000001a83807c9a0: dc20 3507 

  0x000001a83807c9a4: ;   {other}
  0x000001a83807c9a4: 0f1f 8400 | 1419 0013 | 4881 c470 | 0100 005d 

  0x000001a83807c9b4: ;   {poll_return}
  0x000001a83807c9b4: 493b a750 | 0400 000f | 879e 0900 | 00c3 4c8b | 8c24 e000 | 0000 498b 

  0x000001a83807c9cc: ;   {metadata(method data for {method} {0x000001a84c66e588} 'defineClass' '(Ljava/lang/String;Ljdk/internal/loader/Resource;)Ljava/lang/Class;' in 'java/net/URLClassLoader')}
  0x000001a83807c9cc: f948 bb90 | 5b88 4ca8 | 0100 0048 | 8383 9005 | 0000 0149 | 8bd1 0f1f 

  0x000001a83807c9e4: ;   {optimized virtual_call}
  0x000001a83807c9e4: 4400 00e8 

  0x000001a83807c9e8: ; ImmutableOopMap {[216]=Oop [224]=Oop [232]=Oop [248]=Oop }
                      ;*invokevirtual getBytes {reexecute=0 rethrow=0 return_oop=0}
                      ; - java.net.URLClassLoader::defineClass@179
  0x000001a83807c9e8: d10b 0000 

  0x000001a83807c9ec: ;   {other}
  0x000001a83807c9ec: 0f1f 8400 | 5c19 0014 | 4c8b 8c24 | e000 0000 

  0x000001a83807c9fc: ;   {metadata(method data for {method} {0x000001a84c66e588} 'defineClass' '(Ljava/lang/String;Ljdk/internal/loader/Resource;)Ljava/lang/Class;' in 'java/net/URLClassLoader')}
  0x000001a83807c9fc: 48ba 905b | 884c a801 | 0000 4883 | 82c8 0500 

  0x000001a83807ca0c: ;   {metadata(method data for {method} {0x000001a84c478390} 'getCodeSigners' '()[Ljava/security/CodeSigner;' in 'jdk/internal/loader/URLClassPath$JarLoader$2')}
  0x000001a83807ca0c: 0001 48ba | 58f9 884c | a801 0000 | 8bb2 cc00 | 0000 83c6 | 0289 b2cc | 0000 0081 | e6fe ff1f 
  0x000001a83807ca2c: 0085 f60f | 8440 0900 | 004c 8b8c | 24e0 0000 | 0041 8b51 | 1c48 3b02 

  0x000001a83807ca44: ;   {metadata(method data for {method} {0x000001a84c478390} 'getCodeSigners' '()[Ljava/security/CodeSigner;' in 'jdk/internal/loader/URLClassPath$JarLoader$2')}
  0x000001a83807ca44: 488b f248 | bf58 f988 | 4ca8 0100 | 008b 7608 | 48c1 e603 | 483b b720 | 0100 0075 | 0d48 8387 
  0x000001a83807ca64: 2801 0000 | 01e9 6000 | 0000 483b | b730 0100 | 0075 0d48 | 8387 3801 | 0000 01e9 | 4a00 0000 
  0x000001a83807ca84: 4883 bf20 | 0100 0000 | 7517 4889 | b720 0100 | 0048 c787 | 2801 0000 | 0100 0000 | e929 0000 
  0x000001a83807caa4: 0048 83bf | 3001 0000 | 0075 1748 | 89b7 3001 | 0000 48c7 | 8738 0100 | 0001 0000 | 00e9 0800 
  0x000001a83807cac4: 0000 4883 | 8710 0100 | 0001 4889 | 8424 3001 | 0000 0f1f | 8000 0000 | 0048 b840 | 71e4 50a8 
  0x000001a83807cae4: ;   {virtual_call}
  0x000001a83807cae4: 0100 00e8 

  0x000001a83807cae8: ; ImmutableOopMap {[216]=Oop [232]=Oop [248]=Oop [304]=Oop }
                      ;*invokevirtual getCodeSigners {reexecute=0 rethrow=0 return_oop=0}
                      ; - jdk.internal.loader.URLClassPath$JarLoader$2::getCodeSigners@4
                      ; - java.net.URLClassLoader::defineClass@185
  0x000001a83807cae8: 4569 3507 

  0x000001a83807caec: ;   {other}
  0x000001a83807caec: 0f1f 8400 | 5c1a 0015 

  0x000001a83807caf4: ;   {metadata('java/security/CodeSource')}
  0x000001a83807caf4: 4c8b c848 | ba18 5b05 | 0001 0000 | 0049 8b87 | b801 0000 | 488d 7828 | 493b bfc8 | 0100 000f 
  0x000001a83807cb14: 8782 0800 | 0049 89bf | b801 0000 | 48c7 0001 | 0000 0048 | 8bca 48c1 | e903 8948 | 0848 33c9 
  0x000001a83807cb34: 8948 0c48 | 33c9 4889 | 4810 4889 | 4818 4889 | 4820 4c8b 

  0x000001a83807cb48: ;   {metadata(method data for {method} {0x000001a84c66e588} 'defineClass' '(Ljava/lang/String;Ljdk/internal/loader/Resource;)Ljava/lang/Class;' in 'java/net/URLClassLoader')}
  0x000001a83807cb48: c048 ba90 | 5b88 4ca8 | 0100 0048 | 8382 e805 | 0000 014c | 8b84 24f8 | 0000 0048 | 8bd0 4889 
  0x000001a83807cb68: 8424 3801 

  0x000001a83807cb6c: ;   {optimized virtual_call}
  0x000001a83807cb6c: 0000 90e8 

  0x000001a83807cb70: ; ImmutableOopMap {[216]=Oop [232]=Oop [304]=Oop [312]=Oop }
                      ;*invokespecial <init> {reexecute=0 rethrow=0 return_oop=0}
                      ; - java.net.URLClassLoader::defineClass@198
  0x000001a83807cb70: a80a 0000 

  0x000001a83807cb74: ;   {other}
  0x000001a83807cb74: 0f1f 8400 | e41a 0016 

  0x000001a83807cb7c: ;   {metadata(method data for {method} {0x000001a84c66e588} 'defineClass' '(Ljava/lang/String;Ljdk/internal/loader/Resource;)Ljava/lang/Class;' in 'java/net/URLClassLoader')}
  0x000001a83807cb7c: 49b8 905b | 884c a801 | 0000 4983 | 80f8 0500 

  0x000001a83807cb8c: ;   {metadata(method data for {method} {0x000001a84c446ef0} 'getReadClassBytesTime' '()Ljdk/internal/perf/PerfCounter;' in 'jdk/internal/perf/PerfCounter')}
  0x000001a83807cb8c: 0001 49b8 | 10fd 884c | a801 0000 | 418b 90cc | 0000 0083 | c202 4189 | 90cc 0000 | 0081 e2fe 
  0x000001a83807cbac: ff1f 0085 | d20f 84f1 

  0x000001a83807cbb4: ;   {oop(a 'jdk/internal/perf/PerfCounter'{0x0000000087c39c28})}
  0x000001a83807cbb4: 0700 0048 | ba28 9cc3 | 8700 0000 | 004c 8bc2 

  0x000001a83807cbc4: ;   {metadata(method data for {method} {0x000001a84c66e588} 'defineClass' '(Ljava/lang/String;Ljdk/internal/loader/Resource;)Ljava/lang/Class;' in 'java/net/URLClassLoader')}
  0x000001a83807cbc4: 48be 905b | 884c a801 | 0000 4883 | 8620 0600 | 0001 4c8b | 8424 f000 

  0x000001a83807cbdc: ;   {optimized virtual_call}
  0x000001a83807cbdc: 0000 90e8 

  0x000001a83807cbe0: ; ImmutableOopMap {[216]=Oop [232]=Oop [304]=Oop [312]=Oop }
                      ;*invokevirtual addElapsedTimeFrom {reexecute=0 rethrow=0 return_oop=0}
                      ; - java.net.URLClassLoader::defineClass@207
  0x000001a83807cbe0: fcbf f4ff 

  0x000001a83807cbe4: ;   {other}
  0x000001a83807cbe4: 0f1f 8400 | 541b 0017 | 488b 8424 | 3001 0000 

  0x000001a83807cbf4: ; implicit exception: dispatches to 0x000001a83807d3c9
  0x000001a83807cbf4: 8b70 0c48 | 8b94 24e8 

  0x000001a83807cbfc: ;   {metadata(method data for {method} {0x000001a84c66e588} 'defineClass' '(Ljava/lang/String;Ljdk/internal/loader/Resource;)Ljava/lang/Class;' in 'java/net/URLClassLoader')}
  0x000001a83807cbfc: 0000 0049 | b890 5b88 | 4ca8 0100 | 0049 8380 | 4006 0000 | 014c 8b84 | 24d8 0000 | 004c 8bc8 
  0x000001a83807cc1c: bf00 0000 | 0048 8b8c | 2438 0100 | 0048 8b94 | 24e8 0000 | 0066 0f1f 

  0x000001a83807cc34: ;   {optimized virtual_call}
  0x000001a83807cc34: 4400 00e8 

  0x000001a83807cc38: ; ImmutableOopMap {}
                      ;*invokevirtual defineClass {reexecute=0 rethrow=0 return_oop=0}
                      ; - java.net.URLClassLoader::defineClass@220
  0x000001a83807cc38: fe09 0000 

  0x000001a83807cc3c: ;   {other}
  0x000001a83807cc3c: 0f1f 8400 | ac1b 0018 | 4881 c470 | 0100 005d 

  0x000001a83807cc4c: ;   {poll_return}
  0x000001a83807cc4c: 493b a750 | 0400 000f | 8775 0700 | 00c3 660f | 1f44 0000 

  0x000001a83807cc60: ;   {no_reloc}
  0x000001a83807cc60: e98e 0700 | 0000 0000 | 0000 80ba | 6101 0000 | 040f 858b | 0700 0049 | 8b87 b801 | 0000 488d 
  0x000001a83807cc80: 7828 493b | bfc8 0100 | 000f 8773 | 0700 0049 | 89bf b801 | 0000 48c7 | 0001 0000 | 0048 8bca 
  0x000001a83807cca0: 48c1 e903 | 8948 0848 | 33c9 8948 | 0c48 33c9 | 4889 4810 | 4889 4818 | 4889 4820 | 0f1f 4000 
  0x000001a83807ccc0: ;   {no_reloc}
  0x000001a83807ccc0: e959 0700 | 0000 0000 | 0000 4889 | 8424 4801 | 0000 498b | 87b8 0100 | 0048 8d78 | 1849 3bbf 
  0x000001a83807cce0: c801 0000 | 0f87 3e07 | 0000 4989 | bfb8 0100 | 0048 c700 | 0100 0000 | 488b ca48 | c1e9 0389 
  0x000001a83807cd00: 4808 4833 | c989 480c | 4833 c948 | 8948 104c 

  0x000001a83807cd10: ;   {metadata(method data for {method} {0x000001a84c66e588} 'defineClass' '(Ljava/lang/String;Ljdk/internal/loader/Resource;)Ljava/lang/Class;' in 'java/net/URLClassLoader')}
  0x000001a83807cd10: 8bc0 48ba | 905b 884c | a801 0000 | 4883 8290 | 0300 0001 

  0x000001a83807cd24: ;   {metadata(method data for {method} {0x000001a84c0cf2a0} '<init>' '()V' in 'java/lang/StringBuilder')}
  0x000001a83807cd24: 49b8 4888 | 324c a801 | 0000 418b | 90cc 0000 | 0083 c202 | 4189 90cc | 0000 0081 | e2fe ff1f 
  0x000001a83807cd44: 0085 d20f | 84e8 0600 | 004c 8bc0 

  0x000001a83807cd50: ;   {metadata(method data for {method} {0x000001a84c0cf2a0} '<init>' '()V' in 'java/lang/StringBuilder')}
  0x000001a83807cd50: 48ba 4888 | 324c a801 | 0000 4883 | 8210 0100 | 0001 41b8 | 1000 0000 | 488b d048 | 8984 2440 
  0x000001a83807cd70: 0100 000f 

  0x000001a83807cd74: ;   {optimized virtual_call}
  0x000001a83807cd74: 1f40 00e8 

  0x000001a83807cd78: ; ImmutableOopMap {[256]=Oop [320]=Oop [328]=Oop }
                      ;*invokespecial <init> {reexecute=0 rethrow=0 return_oop=0}
                      ; - java.lang.StringBuilder::<init>@3
                      ; - java.net.URLClassLoader::defineClass@111
  0x000001a83807cd78: 041d 3507 

  0x000001a83807cd7c: ;   {other}
  0x000001a83807cd7c: 0f1f 8400 | ec1c 0019 | 488b 8424 | 4001 0000 

  0x000001a83807cd8c: ;   {metadata(method data for {method} {0x000001a84c66e588} 'defineClass' '(Ljava/lang/String;Ljdk/internal/loader/Resource;)Ljava/lang/Class;' in 'java/net/URLClassLoader')}
  0x000001a83807cd8c: 49b8 905b | 884c a801 | 0000 4983 | 80a0 0300 

  0x000001a83807cd9c: ;   {metadata(method data for {method} {0x000001a84c0cf710} 'append' '(Ljava/lang/String;)Ljava/lang/StringBuilder;' in 'java/lang/StringBuilder')}
  0x000001a83807cd9c: 0001 49b8 | 988b 324c | a801 0000 | 418b 90cc | 0000 0083 | c202 4189 | 90cc 0000 | 0081 e2fe 
  0x000001a83807cdbc: ff1f 0085 | d20f 848f | 0600 0048 | 8b84 2440 

  0x000001a83807cdcc: ;   {metadata(method data for {method} {0x000001a84c0cf710} 'append' '(Ljava/lang/String;)Ljava/lang/StringBuilder;' in 'java/lang/StringBuilder')}
  0x000001a83807cdcc: 0100 0049 | b898 8b32 | 4ca8 0100 | 0049 8380 | 1001 0000 

  0x000001a83807cde0: ;   {oop("Cannot find package "{0x0000000089677e08})}
  0x000001a83807cde0: 0149 b808 | 7e67 8900 | 0000 0048 | 8b94 2440 | 0100 000f 

  0x000001a83807cdf4: ;   {optimized virtual_call}
  0x000001a83807cdf4: 1f40 00e8 

  0x000001a83807cdf8: ; ImmutableOopMap {[256]=Oop [320]=Oop [328]=Oop }
                      ;*invokespecial append {reexecute=0 rethrow=0 return_oop=0}
                      ; - java.lang.StringBuilder::append@2
                      ; - java.net.URLClassLoader::defineClass@116
  0x000001a83807cdf8: 841c 3507 

  0x000001a83807cdfc: ;   {other}
  0x000001a83807cdfc: 0f1f 8400 | 6c1d 001a | 488b 8424 | 4001 0000 

  0x000001a83807ce0c: ;   {metadata(method data for {method} {0x000001a84c66e588} 'defineClass' '(Ljava/lang/String;Ljdk/internal/loader/Resource;)Ljava/lang/Class;' in 'java/net/URLClassLoader')}
  0x000001a83807ce0c: 49b8 905b | 884c a801 | 0000 4983 | 80d8 0300 

  0x000001a83807ce1c: ;   {metadata(method data for {method} {0x000001a84c0cf710} 'append' '(Ljava/lang/String;)Ljava/lang/StringBuilder;' in 'java/lang/StringBuilder')}
  0x000001a83807ce1c: 0001 49b8 | 988b 324c | a801 0000 | 418b 90cc | 0000 0083 | c202 4189 | 90cc 0000 | 0081 e2fe 
  0x000001a83807ce3c: ff1f 0085 | d20f 8430 | 0600 0048 | 8b84 2440 

  0x000001a83807ce4c: ;   {metadata(method data for {method} {0x000001a84c0cf710} 'append' '(Ljava/lang/String;)Ljava/lang/StringBuilder;' in 'java/lang/StringBuilder')}
  0x000001a83807ce4c: 0100 0049 | b898 8b32 | 4ca8 0100 | 0049 8380 | 1001 0000 | 014c 8b84 | 2400 0100 | 0048 8b94 
  0x000001a83807ce6c: 2440 0100 | 0066 0f1f 

  0x000001a83807ce74: ;   {optimized virtual_call}
  0x000001a83807ce74: 4400 00e8 

  0x000001a83807ce78: ; ImmutableOopMap {[320]=Oop [328]=Oop }
                      ;*invokespecial append {reexecute=0 rethrow=0 return_oop=0}
                      ; - java.lang.StringBuilder::append@2
                      ; - java.net.URLClassLoader::defineClass@121
  0x000001a83807ce78: 041c 3507 

  0x000001a83807ce7c: ;   {other}
  0x000001a83807ce7c: 0f1f 8400 | ec1d 001b | 488b 8424 | 4001 0000 

  0x000001a83807ce8c: ;   {metadata(method data for {method} {0x000001a84c66e588} 'defineClass' '(Ljava/lang/String;Ljdk/internal/loader/Resource;)Ljava/lang/Class;' in 'java/net/URLClassLoader')}
  0x000001a83807ce8c: 48ba 905b | 884c a801 | 0000 4883 | 8210 0400 

  0x000001a83807ce9c: ;   {metadata(method data for {method} {0x000001a84c0d1000} 'toString' '()Ljava/lang/String;' in 'java/lang/StringBuilder')}
  0x000001a83807ce9c: 0001 48ba | c092 324c | a801 0000 | 8bb2 cc00 | 0000 83c6 | 0289 b2cc | 0000 0081 | e6fe ff1f 
  0x000001a83807cebc: 0085 f60f | 84d3 0500 

  0x000001a83807cec4: ;   {metadata('java/lang/String')}
  0x000001a83807cec4: 0048 ba90 | 2004 0001 | 0000 0049 | 8b87 b801 | 0000 488d | 7818 493b | bfc8 0100 | 000f 87d2 
  0x000001a83807cee4: 0500 0049 | 89bf b801 | 0000 48c7 | 0001 0000 | 0048 8bca | 48c1 e903 | 8948 0848 | 33c9 8948 
  0x000001a83807cf04: 0c48 33c9 | 4889 4810 

  0x000001a83807cf0c: ;   {metadata(method data for {method} {0x000001a84c0d1000} 'toString' '()Ljava/lang/String;' in 'java/lang/StringBuilder')}
  0x000001a83807cf0c: 4c8b c049 | b9c0 9232 | 4ca8 0100 | 0049 8381 | 1001 0000 

  0x000001a83807cf20: ;   {metadata(method data for {method} {0x000001a84c009cc0} '<init>' '(Ljava/lang/StringBuilder;)V' in 'java/lang/String')}
  0x000001a83807cf20: 0149 b808 | 9432 4ca8 | 0100 0045 | 8b88 cc00 | 0000 4183 | c102 4589 | 88cc 0000 | 0041 81e1 
  0x000001a83807cf40: feff 1f00 | 4585 c90f | 8479 0500 | 004c 8bc0 

  0x000001a83807cf50: ;   {metadata(method data for {method} {0x000001a84c009cc0} '<init>' '(Ljava/lang/StringBuilder;)V' in 'java/lang/String')}
  0x000001a83807cf50: 49b9 0894 | 324c a801 | 0000 4983 | 8110 0100 | 0001 4c8b | 8424 4001 

  0x000001a83807cf68: ;   {oop(nullptr)}
  0x000001a83807cf68: 0000 49b9 | 0000 0000 | 0000 0000 | 488b d048 | 8984 2450 

  0x000001a83807cf7c: ;   {optimized virtual_call}
  0x000001a83807cf7c: 0100 00e8 

  0x000001a83807cf80: ; ImmutableOopMap {[328]=Oop [336]=Oop }
                      ;*invokespecial <init> {reexecute=0 rethrow=0 return_oop=0}
                      ; - java.lang.String::<init>@3
                      ; - java.lang.StringBuilder::toString@5
                      ; - java.net.URLClassLoader::defineClass@124
  0x000001a83807cf80: fc1a 3507 

  0x000001a83807cf84: ;   {other}
  0x000001a83807cf84: 0f1f 8400 | f41e 001c | 488b 8424 | 4801 0000 

  0x000001a83807cf94: ;   {metadata(method data for {method} {0x000001a84c66e588} 'defineClass' '(Ljava/lang/String;Ljdk/internal/loader/Resource;)Ljava/lang/Class;' in 'java/net/URLClassLoader')}
  0x000001a83807cf94: 49b8 905b | 884c a801 | 0000 4983 | 8048 0400 | 0001 4c8b | 8424 5001 | 0000 488b | 9424 4801 
  0x000001a83807cfb4: ;   {optimized virtual_call}
  0x000001a83807cfb4: 0000 90e8 

  0x000001a83807cfb8: ; ImmutableOopMap {[328]=Oop }
                      ;*invokespecial <init> {reexecute=0 rethrow=0 return_oop=0}
                      ; - java.net.URLClassLoader::defineClass@127
  0x000001a83807cfb8: c41a 3507 

  0x000001a83807cfbc: ;   {other}
  0x000001a83807cfbc: 0f1f 8400 | 2c1f 001d | 488b 8424 | 4801 0000 | e949 0500 | 0049 8b87 | 0005 0000 | 4d33 d24d 
  0x000001a83807cfdc: 8997 0005 | 0000 4d33 | d24d 8997 | 0805 0000 | 488b f048 | 8d84 2458 | 0100 0048 | 8b38 4885 
  0x000001a83807cffc: ff0f 840f | 0000 0048 | 8b58 08f0 | 480f b13b | 0f85 d504 | 0000 49ff | 8f50 0500 | 0048 8bc6 
  0x000001a83807d01c: e9f9 0400 

  0x000001a83807d020: ;   {metadata({method} {0x000001a84c66e588} 'defineClass' '(Ljava/lang/String;Ljdk/internal/loader/Resource;)Ljava/lang/Class;' in 'java/net/URLClassLoader')}
  0x000001a83807d020: 0049 ba80 | e566 4ca8 | 0100 004c | 8954 2408 | 48c7 0424 | ffff ffff 

  0x000001a83807d038: ;   {runtime_call counter_overflow Runtime1 stub}
  0x000001a83807d038: e8c3 cb40 

  0x000001a83807d03c: ; ImmutableOopMap {rdx=Oop r8=Oop r9=Oop [216]=Oop [224]=Oop [232]=Oop }
                      ;*synchronization entry
                      ; - java.net.URLClassLoader::defineClass@-1
  0x000001a83807d03c: 07e9 bce5 

  0x000001a83807d040: ;   {runtime_call throw_null_pointer_exception Runtime1 stub}
  0x000001a83807d040: ffff e8b9 

  0x000001a83807d044: ; ImmutableOopMap {r8=Oop [216]=Oop [224]=Oop [232]=Oop }
                      ;*invokevirtual lastIndexOf {reexecute=0 rethrow=0 return_oop=0}
                      ; - java.net.URLClassLoader::defineClass@7
                      ;   {metadata({method} {0x000001a84c00b778} 'lastIndexOf' '(I)I' in 'java/lang/String')}
  0x000001a83807d044: 7a40 0749 | ba70 b700 | 4ca8 0100 | 004c 8954 | 2408 48c7 | 0424 ffff 

  0x000001a83807d05c: ;   {runtime_call counter_overflow Runtime1 stub}
  0x000001a83807d05c: ffff e89d 

  0x000001a83807d060: ; ImmutableOopMap {r8=Oop [216]=Oop [224]=Oop [232]=Oop }
                      ;*synchronization entry
                      ; - java.lang.String::lastIndexOf@-1
                      ; - java.net.URLClassLoader::defineClass@7
  0x000001a83807d060: cb40 07e9 | 0be6 ffff 

  0x000001a83807d068: ;   {metadata({method} {0x000001a84c009d78} 'length' '()I' in 'java/lang/String')}
  0x000001a83807d068: 49ba 709d | 004c a801 | 0000 4c89 | 5424 0848 | c704 24ff 

  0x000001a83807d07c: ;   {runtime_call counter_overflow Runtime1 stub}
  0x000001a83807d07c: ffff ffe8 

  0x000001a83807d080: ; ImmutableOopMap {r8=Oop [216]=Oop [224]=Oop [232]=Oop }
                      ;*synchronization entry
                      ; - java.lang.String::length@-1
                      ; - java.lang.String::lastIndexOf@3
                      ; - java.net.URLClassLoader::defineClass@7
  0x000001a83807d080: 7ccb 4007 | e926 e6ff 

  0x000001a83807d088: ;   {runtime_call throw_null_pointer_exception Runtime1 stub}
  0x000001a83807d088: ffe8 727a 

  0x000001a83807d08c: ; ImmutableOopMap {r8=Oop rsi=Oop [216]=Oop [224]=Oop [232]=Oop }
                      ;*arraylength {reexecute=0 rethrow=0 return_oop=0}
                      ; - java.lang.String::length@4
                      ; - java.lang.String::lastIndexOf@3
                      ; - java.net.URLClassLoader::defineClass@7
                      ;   {metadata({method} {0x000001a84c00f8e8} 'coder' '()B' in 'java/lang/String')}
  0x000001a83807d08c: 4007 49ba | e0f8 004c | a801 0000 | 4c89 5424 | 0848 c704 | 24ff ffff 

  0x000001a83807d0a4: ;   {runtime_call counter_overflow Runtime1 stub}
  0x000001a83807d0a4: ffe8 56cb 

  0x000001a83807d0a8: ; ImmutableOopMap {r8=Oop rsi=Oop [216]=Oop [224]=Oop [232]=Oop }
                      ;*synchronization entry
                      ; - java.lang.String::coder@-1
                      ; - java.lang.String::length@6
                      ; - java.lang.String::lastIndexOf@3
                      ; - java.net.URLClassLoader::defineClass@7
  0x000001a83807d0a8: 4007 e948 

  0x000001a83807d0ac: ;   {metadata({method} {0x000001a84c00b840} 'lastIndexOf' '(II)I' in 'java/lang/String')}
  0x000001a83807d0ac: e6ff ff49 | ba38 b800 | 4ca8 0100 | 004c 8954 | 2408 48c7 | 0424 ffff 

  0x000001a83807d0c4: ;   {runtime_call counter_overflow Runtime1 stub}
  0x000001a83807d0c4: ffff e835 

  0x000001a83807d0c8: ; ImmutableOopMap {r8=Oop rsi=Oop [216]=Oop [224]=Oop [232]=Oop }
                      ;*synchronization entry
                      ; - java.lang.String::lastIndexOf@-1
                      ; - java.lang.String::lastIndexOf@8
                      ; - java.net.URLClassLoader::defineClass@7
  0x000001a83807d0c8: cb40 07e9 | 98e6 ffff 

  0x000001a83807d0d0: ;   {metadata({method} {0x000001a84c00fa68} 'isLatin1' '()Z' in 'java/lang/String')}
  0x000001a83807d0d0: 49ba 60fa | 004c a801 | 0000 4c89 | 5424 0848 | c704 24ff 

  0x000001a83807d0e4: ;   {runtime_call counter_overflow Runtime1 stub}
  0x000001a83807d0e4: ffff ffe8 

  0x000001a83807d0e8: ; ImmutableOopMap {r8=Oop rsi=Oop [216]=Oop [224]=Oop [232]=Oop }
                      ;*synchronization entry
                      ; - java.lang.String::isLatin1@-1
                      ; - java.lang.String::lastIndexOf@1
                      ; - java.lang.String::lastIndexOf@8
                      ; - java.net.URLClassLoader::defineClass@7
  0x000001a83807d0e8: 14cb 4007 | e9b3 e6ff 

  0x000001a83807d0f0: ;   {runtime_call throw_null_pointer_exception Runtime1 stub}
  0x000001a83807d0f0: ffe8 0a7a 

  0x000001a83807d0f4: ; ImmutableOopMap {r9=Oop [216]=Oop [224]=Oop [232]=Oop }
                      ;*invokevirtual getCodeSourceURL {reexecute=0 rethrow=0 return_oop=0}
                      ; - java.net.URLClassLoader::defineClass@13
                      ;   {metadata({method} {0x000001a84c477ff0} 'getCodeSourceURL' '()Ljava/net/URL;' in 'jdk/internal/loader/URLClassPath$JarLoader$2')}
  0x000001a83807d0f4: 4007 49ba | e87f 474c | a801 0000 | 4c89 5424 | 0848 c704 | 24ff ffff 

  0x000001a83807d10c: ;   {runtime_call counter_overflow Runtime1 stub}
  0x000001a83807d10c: ffe8 eeca 

  0x000001a83807d110: ; ImmutableOopMap {r9=Oop [216]=Oop [224]=Oop [232]=Oop }
                      ;*synchronization entry
                      ; - jdk.internal.loader.URLClassPath$JarLoader$2::getCodeSourceURL@-1
                      ; - java.net.URLClassLoader::defineClass@13
  0x000001a83807d110: 4007 e9d6 

  0x000001a83807d114: ;   {runtime_call throw_null_pointer_exception Runtime1 stub}
  0x000001a83807d114: e7ff ffe8 

  0x000001a83807d118: ; ImmutableOopMap {r9=Oop [216]=Oop [224]=Oop [232]=Oop }
                      ;*getfield csu {reexecute=1 rethrow=0 return_oop=0}
                      ; - (reexecute) jdk.internal.loader.URLClassPath$JarLoader$2::getCodeSourceURL@4
                      ; - java.net.URLClassLoader::defineClass@13
  0x000001a83807d118: e479 4007 

  0x000001a83807d11c: ;   {metadata({method} {0x000001a84c478230} 'getManifest' '()Ljava/util/jar/Manifest;' in 'jdk/internal/loader/URLClassPath$JarLoader$2')}
  0x000001a83807d11c: 49ba 2882 | 474c a801 | 0000 4c89 | 5424 0848 | c704 24ff 

  0x000001a83807d130: ;   {runtime_call counter_overflow Runtime1 stub}
  0x000001a83807d130: ffff ffe8 

  0x000001a83807d134: ; ImmutableOopMap {rax=Oop [216]=Oop [224]=Oop [232]=Oop [248]=Oop [256]=Oop }
                      ;*synchronization entry
                      ; - jdk.internal.loader.URLClassPath$JarLoader$2::getManifest@-1
                      ; - java.net.URLClassLoader::defineClass@34
  0x000001a83807d134: c8ca 4007 | e970 e8ff 

  0x000001a83807d13c: ;   {metadata({method} {0x000001a84c1852f0} 'javaUtilJarAccess' '()Ljdk/internal/access/JavaUtilJarAccess;' in 'jdk/internal/access/SharedSecrets')}
  0x000001a83807d13c: ff49 bae8 | 5218 4ca8 | 0100 004c | 8954 2408 | 48c7 0424 | ffff ffff 

  0x000001a83807d154: ;   {runtime_call counter_overflow Runtime1 stub}
  0x000001a83807d154: e8a7 ca40 

  0x000001a83807d158: ; ImmutableOopMap {rax=Oop [216]=Oop [224]=Oop [232]=Oop [248]=Oop [256]=Oop }
                      ;*synchronization entry
                      ; - jdk.internal.access.SharedSecrets::javaUtilJarAccess@-1
                      ; - jdk.internal.loader.URLClassPath$JarLoader$2::getManifest@0
                      ; - java.net.URLClassLoader::defineClass@34
  0x000001a83807d158: 07e9 88e8 

  0x000001a83807d15c: ;   {metadata({method} {0x000001a84c188268} 'ensureClassInitialized' '(Ljava/lang/Class;)V' in 'jdk/internal/access/SharedSecrets')}
  0x000001a83807d15c: ffff 49ba | 6082 184c | a801 0000 | 4c89 5424 | 0848 c704 | 24ff ffff 

  0x000001a83807d174: ;   {runtime_call counter_overflow Runtime1 stub}
  0x000001a83807d174: ffe8 86ca 

  0x000001a83807d178: ; ImmutableOopMap {[216]=Oop [224]=Oop [232]=Oop [248]=Oop [256]=Oop }
                      ;*synchronization entry
                      ; - jdk.internal.access.SharedSecrets::ensureClassInitialized@-1
                      ; - jdk.internal.access.SharedSecrets::javaUtilJarAccess@10
                      ; - jdk.internal.loader.URLClassPath$JarLoader$2::getManifest@0
                      ; - java.net.URLClassLoader::defineClass@34
  0x000001a83807d178: 4007 e9df 

  0x000001a83807d17c: ;   {metadata({method} {0x000001a84c2bd888} 'lookup' '()Ljava/lang/invoke/MethodHandles$Lookup;' in 'java/lang/invoke/MethodHandles')}
  0x000001a83807d17c: e8ff ff49 | ba80 d82b | 4ca8 0100 | 004c 8954 | 2408 48c7 | 0424 ffff 

  0x000001a83807d194: ;   {runtime_call counter_overflow Runtime1 stub}
  0x000001a83807d194: ffff e865 

  0x000001a83807d198: ; ImmutableOopMap {[216]=Oop [224]=Oop [232]=Oop [248]=Oop [256]=Oop }
                      ;*synchronization entry
                      ; - java.lang.invoke.MethodHandles::lookup@-1
                      ; - jdk.internal.access.SharedSecrets::ensureClassInitialized@0
                      ; - jdk.internal.access.SharedSecrets::javaUtilJarAccess@10
                      ; - jdk.internal.loader.URLClassPath$JarLoader$2::getManifest@0
                      ; - java.net.URLClassLoader::defineClass@34
  0x000001a83807d198: ca40 07e9 | f7e8 ffff 

  0x000001a83807d1a0: ;   {runtime_call fast_new_instance Runtime1 stub}
  0x000001a83807d1a0: 488b d2e8 

  0x000001a83807d1a4: ; ImmutableOopMap {r8=Oop [216]=Oop [224]=Oop [232]=Oop [248]=Oop [256]=Oop }
                      ;*new {reexecute=0 rethrow=0 return_oop=0}
                      ; - java.lang.invoke.MethodHandles::lookup@18
                      ; - jdk.internal.access.SharedSecrets::ensureClassInitialized@0
                      ; - jdk.internal.access.SharedSecrets::javaUtilJarAccess@10
                      ; - jdk.internal.loader.URLClassPath$JarLoader$2::getManifest@0
                      ; - java.net.URLClassLoader::defineClass@34
  0x000001a83807d1a4: 5882 4007 | e98c e9ff 

  0x000001a83807d1ac: ;   {metadata({method} {0x000001a84c2cb868} '<init>' '(Ljava/lang/Class;)V' in 'java/lang/invoke/MethodHandles$Lookup')}
  0x000001a83807d1ac: ff49 ba60 | b82c 4ca8 | 0100 004c | 8954 2408 | 48c7 0424 | ffff ffff 

  0x000001a83807d1c4: ;   {runtime_call counter_overflow Runtime1 stub}
  0x000001a83807d1c4: e837 ca40 

  0x000001a83807d1c8: ; ImmutableOopMap {r8=Oop rax=Oop [216]=Oop [224]=Oop [232]=Oop [248]=Oop [256]=Oop }
                      ;*synchronization entry
                      ; - java.lang.invoke.MethodHandles$Lookup::<init>@-1
                      ; - java.lang.invoke.MethodHandles::lookup@23
                      ; - jdk.internal.access.SharedSecrets::ensureClassInitialized@0
                      ; - jdk.internal.access.SharedSecrets::javaUtilJarAccess@10
                      ; - jdk.internal.loader.URLClassPath$JarLoader$2::getManifest@0
                      ; - java.net.URLClassLoader::defineClass@34
  0x000001a83807d1c8: 07e9 a9e9 

  0x000001a83807d1cc: ;   {metadata(nullptr)}
  0x000001a83807d1cc: ffff 48ba | 0000 0000 | 0000 0000 | b800 0f05 

  0x000001a83807d1dc: ;   {runtime_call load_klass_patching Runtime1 stub}
  0x000001a83807d1dc: 0ae8 9eb9 

  0x000001a83807d1e0: ; ImmutableOopMap {[216]=Oop [224]=Oop [232]=Oop [248]=Oop [256]=Oop }
                      ;*new {reexecute=1 rethrow=0 return_oop=0}
                      ; - (reexecute) java.lang.invoke.MethodHandles::lookup@8
                      ; - jdk.internal.access.SharedSecrets::ensureClassInitialized@0
                      ; - jdk.internal.access.SharedSecrets::javaUtilJarAccess@10
                      ; - jdk.internal.loader.URLClassPath$JarLoader$2::getManifest@0
                      ; - java.net.URLClassLoader::defineClass@34
  0x000001a83807d1e0: 4007 e921 | eaff ff48 

  0x000001a83807d1e8: ;   {runtime_call new_instance Runtime1 stub}
  0x000001a83807d1e8: 8bd2 e811 

  0x000001a83807d1ec: ; ImmutableOopMap {[216]=Oop [224]=Oop [232]=Oop [248]=Oop [256]=Oop }
                      ;*new {reexecute=0 rethrow=0 return_oop=0}
                      ; - java.lang.invoke.MethodHandles::lookup@8
                      ; - jdk.internal.access.SharedSecrets::ensureClassInitialized@0
                      ; - jdk.internal.access.SharedSecrets::javaUtilJarAccess@10
                      ; - jdk.internal.loader.URLClassPath$JarLoader$2::getManifest@0
                      ; - java.net.URLClassLoader::defineClass@34
  0x000001a83807d1ec: 7f40 07e9 | 23ea ffff 

  0x000001a83807d1f4: ;   {runtime_call throw_null_pointer_exception Runtime1 stub}
  0x000001a83807d1f4: e807 7940 

  0x000001a83807d1f8: ; ImmutableOopMap {rsi=Oop r9=Oop [216]=Oop [224]=Oop [232]=Oop [248]=Oop [256]=Oop }
                      ;*getfield jar {reexecute=1 rethrow=0 return_oop=0}
                      ; - (reexecute) jdk.internal.loader.URLClassPath$JarLoader$2::getManifest@7
                      ; - java.net.URLClassLoader::defineClass@34
                      ;   {runtime_call throw_incompatible_class_change_error Runtime1 stub}
  0x000001a83807d1f8: 07e8 02a0 

  0x000001a83807d1fc: ; ImmutableOopMap {rsi=Oop r9=Oop rdx=Oop [216]=Oop [224]=Oop [232]=Oop [248]=Oop [256]=Oop }
                      ;*invokeinterface ensureInitialization {reexecute=0 rethrow=0 return_oop=0}
                      ; - jdk.internal.loader.URLClassPath$JarLoader$2::getManifest@10
                      ; - java.net.URLClassLoader::defineClass@34
                      ;   {runtime_call throw_null_pointer_exception Runtime1 stub}
  0x000001a83807d1fc: 4007 e8fd 

  0x000001a83807d200: ; ImmutableOopMap {rsi=Oop r9=Oop rdx=Oop [216]=Oop [224]=Oop [232]=Oop [248]=Oop [256]=Oop }
                      ;*invokeinterface ensureInitialization {reexecute=0 rethrow=0 return_oop=0}
                      ; - jdk.internal.loader.URLClassPath$JarLoader$2::getManifest@10
                      ; - java.net.URLClassLoader::defineClass@34
                      ;   {metadata({method} {0x000001a84c3cd490} 'ensureInitialization' '(Ljava/util/jar/JarFile;)V' in 'java/util/jar/JavaUtilJarAccessImpl')}
  0x000001a83807d200: 7840 0749 | ba88 d43c | 4ca8 0100 | 004c 8954 | 2408 48c7 | 0424 ffff 

  0x000001a83807d218: ;   {runtime_call counter_overflow Runtime1 stub}
  0x000001a83807d218: ffff e8e1 

  0x000001a83807d21c: ; ImmutableOopMap {r9=Oop rdx=Oop [216]=Oop [224]=Oop [232]=Oop [248]=Oop [256]=Oop }
                      ;*synchronization entry
                      ; - java.util.jar.JavaUtilJarAccessImpl::ensureInitialization@-1
                      ; - jdk.internal.loader.URLClassPath$JarLoader$2::getManifest@10
                      ; - java.net.URLClassLoader::defineClass@34
  0x000001a83807d21c: c940 07e9 | feea ffff 

  0x000001a83807d224: ;   {runtime_call throw_null_pointer_exception Runtime1 stub}
  0x000001a83807d224: e8d7 7840 

  0x000001a83807d228: ; ImmutableOopMap {r9=Oop rdx=Oop [216]=Oop [224]=Oop [232]=Oop [248]=Oop [256]=Oop }
                      ;*invokevirtual ensureInitialization {reexecute=0 rethrow=0 return_oop=0}
                      ; - java.util.jar.JavaUtilJarAccessImpl::ensureInitialization@1
                      ; - jdk.internal.loader.URLClassPath$JarLoader$2::getManifest@10
                      ; - java.net.URLClassLoader::defineClass@34
                      ;   {runtime_call throw_null_pointer_exception Runtime1 stub}
  0x000001a83807d228: 07e8 d278 

  0x000001a83807d22c: ; ImmutableOopMap {r9=Oop [216]=Oop [224]=Oop [232]=Oop [248]=Oop [256]=Oop }
                      ;*getfield jar {reexecute=1 rethrow=0 return_oop=0}
                      ; - (reexecute) jdk.internal.loader.URLClassPath$JarLoader$2::getManifest@19
                      ; - java.net.URLClassLoader::defineClass@34
                      ;   {runtime_call throw_null_pointer_exception Runtime1 stub}
  0x000001a83807d22c: 4007 e8cd 

  0x000001a83807d230: ; ImmutableOopMap {r9=Oop rdx=Oop [216]=Oop [224]=Oop [232]=Oop [248]=Oop [256]=Oop }
                      ;*invokevirtual getManifest {reexecute=0 rethrow=0 return_oop=0}
                      ; - jdk.internal.loader.URLClassPath$JarLoader$2::getManifest@22
                      ; - java.net.URLClassLoader::defineClass@34
                      ;   {metadata({method} {0x000001a84c4792d8} 'getByteBuffer' '()Ljava/nio/ByteBuffer;' in 'jdk/internal/loader/Resource')}
  0x000001a83807d230: 7840 0749 | bad0 9247 | 4ca8 0100 | 004c 8954 | 2408 48c7 | 0424 ffff 

  0x000001a83807d248: ;   {runtime_call counter_overflow Runtime1 stub}
  0x000001a83807d248: ffff e8b1 

  0x000001a83807d24c: ; ImmutableOopMap {r9=Oop [216]=Oop [224]=Oop [232]=Oop [248]=Oop }
                      ;*synchronization entry
                      ; - jdk.internal.loader.Resource::getByteBuffer@-1
                      ; - java.net.URLClassLoader::defineClass@132
  0x000001a83807d24c: c940 07e9 | 0df0 ffff | 4c89 4c24 | 084c 8904 

  0x000001a83807d25c: ;   {runtime_call monitorenter_nofpu Runtime1 stub}
  0x000001a83807d25c: 24e8 9ea8 

  0x000001a83807d260: ; ImmutableOopMap {r9=Oop [216]=Oop [224]=Oop [232]=Oop [248]=Oop [352]=Oop }
                      ;*synchronization entry
                      ; - jdk.internal.loader.Resource::cachedInputStream@-1
                      ; - jdk.internal.loader.Resource::getByteBuffer@1
                      ; - java.net.URLClassLoader::defineClass@132
  0x000001a83807d260: 4007 e949 

  0x000001a83807d264: ;   {metadata({method} {0x000001a84c478f70} 'cachedInputStream' '()Ljava/io/InputStream;' in 'jdk/internal/loader/Resource')}
  0x000001a83807d264: f0ff ff49 | ba68 8f47 | 4ca8 0100 | 004c 8954 | 2408 48c7 | 0424 ffff 

  0x000001a83807d27c: ;   {runtime_call counter_overflow Runtime1 stub}
  0x000001a83807d27c: ffff e87d 

  0x000001a83807d280: ; ImmutableOopMap {r9=Oop [216]=Oop [224]=Oop [232]=Oop [248]=Oop [352]=Oop }
                      ;*synchronization entry
                      ; - jdk.internal.loader.Resource::cachedInputStream@-1
                      ; - jdk.internal.loader.Resource::getByteBuffer@1
                      ; - java.net.URLClassLoader::defineClass@132
  0x000001a83807d280: c940 07e9 | 51f0 ffff 

  0x000001a83807d288: ;   {metadata({method} {0x000001a84c4780b0} 'getInputStream' '()Ljava/io/InputStream;' in 'jdk/internal/loader/URLClassPath$JarLoader$2')}
  0x000001a83807d288: 49ba a880 | 474c a801 | 0000 4c89 | 5424 0848 | c704 24ff 

  0x000001a83807d29c: ;   {runtime_call counter_overflow Runtime1 stub}
  0x000001a83807d29c: ffff ffe8 

  0x000001a83807d2a0: ; ImmutableOopMap {r9=Oop [216]=Oop [224]=Oop [232]=Oop [248]=Oop [352]=Oop }
                      ;*synchronization entry
                      ; - jdk.internal.loader.URLClassPath$JarLoader$2::getInputStream@-1
                      ; - jdk.internal.loader.Resource::cachedInputStream@9
                      ; - jdk.internal.loader.Resource::getByteBuffer@1
                      ; - java.net.URLClassLoader::defineClass@132
  0x000001a83807d2a0: 5cc9 4007 | e9a1 f0ff 

  0x000001a83807d2a8: ;   {runtime_call throw_null_pointer_exception Runtime1 stub}
  0x000001a83807d2a8: ffe8 5278 

  0x000001a83807d2ac: ; ImmutableOopMap {r9=Oop [216]=Oop [224]=Oop [232]=Oop [248]=Oop [352]=Oop }
                      ;*getfield jar {reexecute=1 rethrow=0 return_oop=0}
                      ; - (reexecute) jdk.internal.loader.URLClassPath$JarLoader$2::getInputStream@4
                      ; - jdk.internal.loader.Resource::cachedInputStream@9
                      ; - jdk.internal.loader.Resource::getByteBuffer@1
                      ; - java.net.URLClassLoader::defineClass@132
                      ;   {runtime_call throw_null_pointer_exception Runtime1 stub}
  0x000001a83807d2ac: 4007 e84d 

  0x000001a83807d2b0: ; ImmutableOopMap {r9=Oop rdx=Oop r8=Oop [216]=Oop [224]=Oop [232]=Oop [248]=Oop [352]=Oop }
                      ;*invokevirtual getInputStream {reexecute=0 rethrow=0 return_oop=0}
                      ; - jdk.internal.loader.URLClassPath$JarLoader$2::getInputStream@11
                      ; - jdk.internal.loader.Resource::cachedInputStream@9
                      ; - jdk.internal.loader.Resource::getByteBuffer@1
                      ; - java.net.URLClassLoader::defineClass@132
  0x000001a83807d2b0: 7840 0741 | 8b51 0c48 | 83fa 000f | 8448 f1ff | ff48 8914 

  0x000001a83807d2c4: ;   {runtime_call g1_pre_barrier_slow}
  0x000001a83807d2c4: 24e8 36cf | 4007 e93a | f1ff ff48 | 83f8 000f | 844b f1ff | ff4c 890c 

  0x000001a83807d2dc: ;   {runtime_call g1_post_barrier_slow}
  0x000001a83807d2dc: 24e8 1ed2 | 4007 e93d | f1ff ff48 | 8d84 2458 | 0100 0048 

  0x000001a83807d2f0: ;   {runtime_call monitorexit_nofpu Runtime1 stub}
  0x000001a83807d2f0: 8904 24e8 | 08ae 4007 | e955 f1ff | ff48 8914 

  0x000001a83807d300: ;   {runtime_call throw_class_cast_exception Runtime1 stub}
  0x000001a83807d300: 24e8 fa9b 

  0x000001a83807d304: ; ImmutableOopMap {[216]=Oop [224]=Oop [232]=Oop [248]=Oop }
                      ;*checkcast {reexecute=0 rethrow=0 return_oop=0}
                      ; - jdk.internal.loader.Resource::getByteBuffer@13
                      ; - java.net.URLClassLoader::defineClass@132
                      ;   {runtime_call throw_null_pointer_exception Runtime1 stub}
  0x000001a83807d304: 4007 e8f5 

  0x000001a83807d308: ; ImmutableOopMap {rdx=Oop [216]=Oop [224]=Oop [232]=Oop [248]=Oop }
                      ;*invokeinterface getByteBuffer {reexecute=0 rethrow=0 return_oop=0}
                      ; - jdk.internal.loader.Resource::getByteBuffer@16
                      ; - java.net.URLClassLoader::defineClass@132
                      ;   {metadata({method} {0x000001a84c478390} 'getCodeSigners' '()[Ljava/security/CodeSigner;' in 'jdk/internal/loader/URLClassPath$JarLoader$2')}
  0x000001a83807d308: 7740 0749 | ba88 8347 | 4ca8 0100 | 004c 8954 | 2408 48c7 | 0424 ffff 

  0x000001a83807d320: ;   {runtime_call counter_overflow Runtime1 stub}
  0x000001a83807d320: ffff e8d9 

  0x000001a83807d324: ; ImmutableOopMap {r9=Oop [216]=Oop [224]=Oop [232]=Oop [248]=Oop [288]=Oop }
                      ;*synchronization entry
                      ; - jdk.internal.loader.URLClassPath$JarLoader$2::getCodeSigners@-1
                      ; - java.net.URLClassLoader::defineClass@143
  0x000001a83807d324: c840 07e9 | 83f4 ffff 

  0x000001a83807d32c: ;   {runtime_call throw_null_pointer_exception Runtime1 stub}
  0x000001a83807d32c: e8cf 7740 

  0x000001a83807d330: ; ImmutableOopMap {rdx=Oop [216]=Oop [232]=Oop [248]=Oop [288]=Oop }
                      ;*invokevirtual getCodeSigners {reexecute=0 rethrow=0 return_oop=0}
                      ; - jdk.internal.loader.URLClassPath$JarLoader$2::getCodeSigners@4
                      ; - java.net.URLClassLoader::defineClass@143
  0x000001a83807d330: 0748 8bd2 

  0x000001a83807d334: ;   {runtime_call fast_new_instance Runtime1 stub}
  0x000001a83807d334: e8c7 8040 

  0x000001a83807d338: ; ImmutableOopMap {r9=Oop [216]=Oop [232]=Oop [248]=Oop [288]=Oop }
                      ;*new {reexecute=0 rethrow=0 return_oop=0}
                      ; - java.net.URLClassLoader::defineClass@148
  0x000001a83807d338: 07e9 70f5 

  0x000001a83807d33c: ;   {metadata({method} {0x000001a84c446ef0} 'getReadClassBytesTime' '()Ljdk/internal/perf/PerfCounter;' in 'jdk/internal/perf/PerfCounter')}
  0x000001a83807d33c: ffff 49ba | e86e 444c | a801 0000 | 4c89 5424 | 0848 c704 | 24ff ffff 

  0x000001a83807d354: ;   {runtime_call counter_overflow Runtime1 stub}
  0x000001a83807d354: ffe8 a6c8 

  0x000001a83807d358: ; ImmutableOopMap {[216]=Oop [232]=Oop [288]=Oop [296]=Oop }
                      ;*synchronization entry
                      ; - jdk.internal.perf.PerfCounter::getReadClassBytesTime@-1
                      ; - java.net.URLClassLoader::defineClass@161
  0x000001a83807d358: 4007 e9c0 

  0x000001a83807d35c: ;   {internal_word}
  0x000001a83807d35c: f5ff ff49 | bab4 c907 | 38a8 0100 | 004d 8997 | 6804 0000 

  0x000001a83807d370: ;   {runtime_call SafepointBlob}
  0x000001a83807d370: e98b 8035 

  0x000001a83807d374: ;   {metadata({method} {0x000001a84c478390} 'getCodeSigners' '()[Ljava/security/CodeSigner;' in 'jdk/internal/loader/URLClassPath$JarLoader$2')}
  0x000001a83807d374: 0749 ba88 | 8347 4ca8 | 0100 004c | 8954 2408 | 48c7 0424 | ffff ffff 

  0x000001a83807d38c: ;   {runtime_call counter_overflow Runtime1 stub}
  0x000001a83807d38c: e86f c840 

  0x000001a83807d390: ; ImmutableOopMap {rax=Oop [216]=Oop [224]=Oop [232]=Oop [248]=Oop }
                      ;*synchronization entry
                      ; - jdk.internal.loader.URLClassPath$JarLoader$2::getCodeSigners@-1
                      ; - java.net.URLClassLoader::defineClass@185
  0x000001a83807d390: 07e9 9ff6 

  0x000001a83807d394: ;   {runtime_call throw_null_pointer_exception Runtime1 stub}
  0x000001a83807d394: ffff e865 

  0x000001a83807d398: ; ImmutableOopMap {rax=Oop rdx=Oop [216]=Oop [232]=Oop [248]=Oop }
                      ;*invokevirtual getCodeSigners {reexecute=0 rethrow=0 return_oop=0}
                      ; - jdk.internal.loader.URLClassPath$JarLoader$2::getCodeSigners@4
                      ; - java.net.URLClassLoader::defineClass@185
  0x000001a83807d398: 7740 0748 

  0x000001a83807d39c: ;   {runtime_call fast_new_instance Runtime1 stub}
  0x000001a83807d39c: 8bd2 e85d 

  0x000001a83807d3a0: ; ImmutableOopMap {r9=Oop [216]=Oop [232]=Oop [248]=Oop [304]=Oop }
                      ;*new {reexecute=0 rethrow=0 return_oop=0}
                      ; - java.net.URLClassLoader::defineClass@190
  0x000001a83807d3a0: 8040 07e9 | 9ef7 ffff 

  0x000001a83807d3a8: ;   {metadata({method} {0x000001a84c446ef0} 'getReadClassBytesTime' '()Ljdk/internal/perf/PerfCounter;' in 'jdk/internal/perf/PerfCounter')}
  0x000001a83807d3a8: 49ba e86e | 444c a801 | 0000 4c89 | 5424 0848 | c704 24ff 

  0x000001a83807d3bc: ;   {runtime_call counter_overflow Runtime1 stub}
  0x000001a83807d3bc: ffff ffe8 

  0x000001a83807d3c0: ; ImmutableOopMap {[216]=Oop [232]=Oop [304]=Oop [312]=Oop }
                      ;*synchronization entry
                      ; - jdk.internal.perf.PerfCounter::getReadClassBytesTime@-1
                      ; - java.net.URLClassLoader::defineClass@203
  0x000001a83807d3c0: 3cc8 4007 | e9ee f7ff 

  0x000001a83807d3c8: ;   {runtime_call throw_null_pointer_exception Runtime1 stub}
  0x000001a83807d3c8: ffe8 3277 

  0x000001a83807d3cc: ; ImmutableOopMap {rax=Oop [216]=Oop [232]=Oop [312]=Oop }
                      ;*arraylength {reexecute=0 rethrow=0 return_oop=0}
                      ; - java.net.URLClassLoader::defineClass@217
                      ;   {internal_word}
  0x000001a83807d3cc: 4007 49ba | 4ccc 0738 | a801 0000 | 4d89 9768 

  0x000001a83807d3dc: ;   {runtime_call SafepointBlob}
  0x000001a83807d3dc: 0400 00e9 | 1c80 3507 

  0x000001a83807d3e4: ;   {metadata(nullptr)}
  0x000001a83807d3e4: 48ba 0000 | 0000 0000 | 0000 b800 

  0x000001a83807d3f0: ;   {runtime_call load_klass_patching Runtime1 stub}
  0x000001a83807d3f0: 0f05 0ae8 

  0x000001a83807d3f4: ; ImmutableOopMap {[256]=Oop }
                      ;*new {reexecute=1 rethrow=0 return_oop=0}
                      ; - (reexecute) java.net.URLClassLoader::defineClass@103
  0x000001a83807d3f4: 88b7 4007 | e963 f8ff 

  0x000001a83807d3fc: ;   {runtime_call throw_null_pointer_exception Runtime1 stub}
  0x000001a83807d3fc: ffe8 fe76 

  0x000001a83807d400: ; ImmutableOopMap {[256]=Oop }
                      ;*new {reexecute=0 rethrow=0 return_oop=0}
                      ; - java.net.URLClassLoader::defineClass@103
  0x000001a83807d400: 4007 488b 

  0x000001a83807d404: ;   {runtime_call fast_new_instance_init_check Runtime1 stub}
  0x000001a83807d404: d2e8 f682 

  0x000001a83807d408: ; ImmutableOopMap {[256]=Oop }
                      ;*new {reexecute=0 rethrow=0 return_oop=0}
                      ; - java.net.URLClassLoader::defineClass@103
  0x000001a83807d408: 4007 e9ad 

  0x000001a83807d40c: ;   {metadata(nullptr)}
  0x000001a83807d40c: f8ff ff48 | ba00 0000 | 0000 0000 | 00b8 000f 

  0x000001a83807d41c: ;   {runtime_call load_klass_patching Runtime1 stub}
  0x000001a83807d41c: 050a e85d 

  0x000001a83807d420: ; ImmutableOopMap {rax=Oop [256]=Oop }
                      ;*new {reexecute=1 rethrow=0 return_oop=0}
                      ; - (reexecute) java.net.URLClassLoader::defineClass@107
  0x000001a83807d420: b740 07e9 | 98f8 ffff 

  0x000001a83807d428: ;   {runtime_call fast_new_instance Runtime1 stub}
  0x000001a83807d428: 488b d2e8 

  0x000001a83807d42c: ; ImmutableOopMap {[256]=Oop [328]=Oop }
                      ;*new {reexecute=0 rethrow=0 return_oop=0}
                      ; - java.net.URLClassLoader::defineClass@107
  0x000001a83807d42c: d07f 4007 | e9da f8ff 

  0x000001a83807d434: ;   {metadata({method} {0x000001a84c0cf2a0} '<init>' '()V' in 'java/lang/StringBuilder')}
  0x000001a83807d434: ff49 ba98 | f20c 4ca8 | 0100 004c | 8954 2408 | 48c7 0424 | ffff ffff 

  0x000001a83807d44c: ;   {runtime_call counter_overflow Runtime1 stub}
  0x000001a83807d44c: e8af c740 

  0x000001a83807d450: ; ImmutableOopMap {rax=Oop [256]=Oop [328]=Oop }
                      ;*synchronization entry
                      ; - java.lang.StringBuilder::<init>@-1
                      ; - java.net.URLClassLoader::defineClass@111
  0x000001a83807d450: 07e9 f7f8 

  0x000001a83807d454: ;   {metadata({method} {0x000001a84c0cf710} 'append' '(Ljava/lang/String;)Ljava/lang/StringBuilder;' in 'java/lang/StringBuilder')}
  0x000001a83807d454: ffff 49ba | 08f7 0c4c | a801 0000 | 4c89 5424 | 0848 c704 | 24ff ffff 

  0x000001a83807d46c: ;   {runtime_call counter_overflow Runtime1 stub}
  0x000001a83807d46c: ffe8 8ec7 

  0x000001a83807d470: ; ImmutableOopMap {[256]=Oop [320]=Oop [328]=Oop }
                      ;*synchronization entry
                      ; - java.lang.StringBuilder::append@-1
                      ; - java.net.URLClassLoader::defineClass@116
  0x000001a83807d470: 4007 e950 

  0x000001a83807d474: ;   {metadata({method} {0x000001a84c0cf710} 'append' '(Ljava/lang/String;)Ljava/lang/StringBuilder;' in 'java/lang/StringBuilder')}
  0x000001a83807d474: f9ff ff49 | ba08 f70c | 4ca8 0100 | 004c 8954 | 2408 48c7 | 0424 ffff 

  0x000001a83807d48c: ;   {runtime_call counter_overflow Runtime1 stub}
  0x000001a83807d48c: ffff e86d 

  0x000001a83807d490: ; ImmutableOopMap {[256]=Oop [320]=Oop [328]=Oop }
                      ;*synchronization entry
                      ; - java.lang.StringBuilder::append@-1
                      ; - java.net.URLClassLoader::defineClass@121
  0x000001a83807d490: c740 07e9 | aff9 ffff 

  0x000001a83807d498: ;   {metadata({method} {0x000001a84c0d1000} 'toString' '()Ljava/lang/String;' in 'java/lang/StringBuilder')}
  0x000001a83807d498: 49ba f80f | 0d4c a801 | 0000 4c89 | 5424 0848 | c704 24ff 

  0x000001a83807d4ac: ;   {runtime_call counter_overflow Runtime1 stub}
  0x000001a83807d4ac: ffff ffe8 

  0x000001a83807d4b0: ; ImmutableOopMap {[320]=Oop [328]=Oop }
                      ;*synchronization entry
                      ; - java.lang.StringBuilder::toString@-1
                      ; - java.net.URLClassLoader::defineClass@124
  0x000001a83807d4b0: 4cc7 4007 | e90c faff | ff48 8bd2 

  0x000001a83807d4bc: ;   {runtime_call fast_new_instance Runtime1 stub}
  0x000001a83807d4bc: e83f 7f40 

  0x000001a83807d4c0: ; ImmutableOopMap {[320]=Oop [328]=Oop }
                      ;*new {reexecute=0 rethrow=0 return_oop=0}
                      ; - java.lang.StringBuilder::toString@0
                      ; - java.net.URLClassLoader::defineClass@124
  0x000001a83807d4c0: 07e9 46fa 

  0x000001a83807d4c4: ;   {metadata({method} {0x000001a84c009cc0} '<init>' '(Ljava/lang/StringBuilder;)V' in 'java/lang/String')}
  0x000001a83807d4c4: ffff 49ba | b89c 004c | a801 0000 | 4c89 5424 | 0848 c704 | 24ff ffff 

  0x000001a83807d4dc: ;   {runtime_call counter_overflow Runtime1 stub}
  0x000001a83807d4dc: ffe8 1ec7 

  0x000001a83807d4e0: ; ImmutableOopMap {rax=Oop [320]=Oop [328]=Oop }
                      ;*synchronization entry
                      ; - java.lang.String::<init>@-1
                      ; - java.lang.StringBuilder::toString@5
                      ; - java.net.URLClassLoader::defineClass@124
  0x000001a83807d4e0: 4007 e966 | faff ff48 | 8d84 2458 | 0100 0048 

  0x000001a83807d4f0: ;   {runtime_call monitorexit_nofpu Runtime1 stub}
  0x000001a83807d4f0: 8904 24e8 | 08ac 4007 | e91c fbff | ff49 8b87 | 0005 0000 | 49c7 8700 | 0500 0000 | 0000 0049 
  0x000001a83807d510: c787 0805 | 0000 0000 | 0000 4881 | c470 0100 

  0x000001a83807d520: ;   {runtime_call unwind_exception Runtime1 stub}
  0x000001a83807d520: 005d e9d9 | 6640 07f4 
[Stub Code]
  0x000001a83807d528: ;   {no_reloc}
  0x000001a83807d528: 0f1f 4400 

  0x000001a83807d52c: ;   {static_stub}
  0x000001a83807d52c: 0048 bb00 | 0000 0000 

  0x000001a83807d534: ;   {runtime_call nmethod}
  0x000001a83807d534: 0000 00e9 | fbff ffff 

  0x000001a83807d53c: ;   {static_stub}
  0x000001a83807d53c: 9048 bbf0 | b23c 4ca8 

  0x000001a83807d544: ;   {runtime_call I2C/C2I adapters}
  0x000001a83807d544: 0100 00e9 | 0e5f 3507 

  0x000001a83807d54c: ;   {static_stub}
  0x000001a83807d54c: 9048 bb00 | 0000 0000 

  0x000001a83807d554: ;   {runtime_call nmethod}
  0x000001a83807d554: 0000 00e9 | fbff ffff 

  0x000001a83807d55c: ;   {static_stub}
  0x000001a83807d55c: 9048 bb78 | e766 4ca8 

  0x000001a83807d564: ;   {runtime_call I2C/C2I adapters}
  0x000001a83807d564: 0100 00e9 | fa60 3407 

  0x000001a83807d56c: ;   {static_stub}
  0x000001a83807d56c: 9048 bb00 | 0000 0000 

  0x000001a83807d574: ;   {runtime_call nmethod}
  0x000001a83807d574: 0000 00e9 | fbff ffff 

  0x000001a83807d57c: ;   {static_stub}
  0x000001a83807d57c: 9048 bb00 | 0000 0000 

  0x000001a83807d584: ;   {runtime_call nmethod}
  0x000001a83807d584: 0000 00e9 | fbff ffff 

  0x000001a83807d58c: ;   {static_stub}
  0x000001a83807d58c: 9048 bb00 | 0000 0000 

  0x000001a83807d594: ;   {runtime_call nmethod}
  0x000001a83807d594: 0000 00e9 | fbff ffff 

  0x000001a83807d59c: ;   {static_stub}
  0x000001a83807d59c: 9048 bb00 | 0000 0000 

  0x000001a83807d5a4: ;   {runtime_call nmethod}
  0x000001a83807d5a4: 0000 00e9 | fbff ffff 

  0x000001a83807d5ac: ;   {static_stub}
  0x000001a83807d5ac: 9048 bb00 | 0000 0000 

  0x000001a83807d5b4: ;   {runtime_call nmethod}
  0x000001a83807d5b4: 0000 00e9 | fbff ffff 

  0x000001a83807d5bc: ;   {static_stub}
  0x000001a83807d5bc: 9048 bb18 | 8547 4ca8 

  0x000001a83807d5c4: ;   {runtime_call I2C/C2I adapters}
  0x000001a83807d5c4: 0100 00e9 | 8e5e 3507 

  0x000001a83807d5cc: ;   {static_stub}
  0x000001a83807d5cc: 9048 bb00 | 0000 0000 

  0x000001a83807d5d4: ;   {runtime_call nmethod}
  0x000001a83807d5d4: 0000 00e9 | fbff ffff 

  0x000001a83807d5dc: ;   {static_stub}
  0x000001a83807d5dc: 9048 bb00 | 0000 0000 

  0x000001a83807d5e4: ;   {runtime_call nmethod}
  0x000001a83807d5e4: 0000 00e9 | fbff ffff 

  0x000001a83807d5ec: ;   {static_stub}
  0x000001a83807d5ec: 9048 bb00 | 0000 0000 

  0x000001a83807d5f4: ;   {runtime_call nmethod}
  0x000001a83807d5f4: 0000 00e9 | fbff ffff 

  0x000001a83807d5fc: ;   {static_stub}
  0x000001a83807d5fc: 9048 bb00 | 0000 0000 

  0x000001a83807d604: ;   {runtime_call nmethod}
  0x000001a83807d604: 0000 00e9 | fbff ffff 

  0x000001a83807d60c: ;   {static_stub}
  0x000001a83807d60c: 9048 bb00 | 0000 0000 

  0x000001a83807d614: ;   {runtime_call nmethod}
  0x000001a83807d614: 0000 00e9 | fbff ffff 

  0x000001a83807d61c: ;   {static_stub}
  0x000001a83807d61c: 48bb 302b | 104c a801 

  0x000001a83807d624: ;   {runtime_call I2C/C2I adapters}
  0x000001a83807d624: 0000 e937 

  0x000001a83807d628: ;   {static_stub}
  0x000001a83807d628: d834 0748 | bb00 0000 | 0000 0000 

  0x000001a83807d634: ;   {runtime_call nmethod}
  0x000001a83807d634: 00e9 fbff 

  0x000001a83807d638: ;   {static_stub}
  0x000001a83807d638: ffff 48bb | a8d7 034c | a801 0000 

  0x000001a83807d644: ;   {runtime_call I2C/C2I adapters}
  0x000001a83807d644: e923 5834 

  0x000001a83807d648: ;   {static_stub}
  0x000001a83807d648: 0748 bb00 | 0000 0000 

  0x000001a83807d650: ;   {runtime_call nmethod}
  0x000001a83807d650: 0000 00e9 | fbff ffff 

  0x000001a83807d658: ;   {static_stub}
  0x000001a83807d658: 48bb 0000 | 0000 0000 

  0x000001a83807d660: ;   {runtime_call nmethod}
  0x000001a83807d660: 0000 e9fb 

  0x000001a83807d664: ;   {static_stub}
  0x000001a83807d664: ffff ff48 | bb00 0000 | 0000 0000 

  0x000001a83807d670: ;   {runtime_call nmethod}
  0x000001a83807d670: 00e9 fbff 

  0x000001a83807d674: ;   {static_stub}
  0x000001a83807d674: ffff 48bb | 0000 0000 | 0000 0000 

  0x000001a83807d680: ;   {runtime_call nmethod}
  0x000001a83807d680: e9fb ffff 

  0x000001a83807d684: ;   {static_stub}
  0x000001a83807d684: ff48 bb00 | 0000 0000 

  0x000001a83807d68c: ;   {runtime_call nmethod}
  0x000001a83807d68c: 0000 00e9 | fbff ffff 

  0x000001a83807d694: ;   {static_stub}
  0x000001a83807d694: 48bb 0000 | 0000 0000 

  0x000001a83807d69c: ;   {runtime_call nmethod}
  0x000001a83807d69c: 0000 e9fb 

  0x000001a83807d6a0: ;   {static_stub}
  0x000001a83807d6a0: ffff ff48 | bb00 0000 | 0000 0000 

  0x000001a83807d6ac: ;   {runtime_call nmethod}
  0x000001a83807d6ac: 00e9 fbff 

  0x000001a83807d6b0: ;   {static_stub}
  0x000001a83807d6b0: ffff 48bb | 0000 0000 | 0000 0000 

  0x000001a83807d6bc: ;   {runtime_call nmethod}
  0x000001a83807d6bc: e9fb ffff 

  0x000001a83807d6c0: ;   {static_stub}
  0x000001a83807d6c0: ff48 bb00 | 0000 0000 

  0x000001a83807d6c8: ;   {runtime_call nmethod}
  0x000001a83807d6c8: 0000 00e9 | fbff ffff 
[Exception Handler]
  0x000001a83807d6d0: ;   {runtime_call handle_exception_from_callee Runtime1 stub}
  0x000001a83807d6d0: e82b 9240 

  0x000001a83807d6d4: ;   {external_word}
  0x000001a83807d6d4: 0748 b9d0 | 6145 dff9 | 7f00 0048 

  0x000001a83807d6e0: ;   {runtime_call}
  0x000001a83807d6e0: 83e4 f048 | b890 db13 | dff9 7f00 | 00ff d0f4 
[Deopt Handler Code]
  0x000001a83807d6f0: ;   {section_word}
  0x000001a83807d6f0: 49ba f0d6 | 0738 a801 | 0000 4152 

  0x000001a83807d6fc: ;   {runtime_call DeoptimizationBlob}
  0x000001a83807d6fc: e99f 6f35 | 07f4 f4f4 | f4f4 f4f4 
[/MachCode]


Compiled method (c1) 6235 1159   !   3       java.net.URLClassLoader$1::run (81 bytes)
 total in heap  [0x000001a838069610,0x000001a83806b6f8] = 8424
 relocation     [0x000001a838069770,0x000001a8380699c0] = 592
 main code      [0x000001a8380699c0,0x000001a83806add8] = 5144
 stub code      [0x000001a83806add8,0x000001a83806aea8] = 208
 oops           [0x000001a83806aea8,0x000001a83806aeb0] = 8
 metadata       [0x000001a83806aeb0,0x000001a83806af38] = 136
 scopes data    [0x000001a83806af38,0x000001a83806b2d0] = 920
 scopes pcs     [0x000001a83806b2d0,0x000001a83806b640] = 880
 dependencies   [0x000001a83806b640,0x000001a83806b668] = 40
 handler table  [0x000001a83806b668,0x000001a83806b6b0] = 72
 nul chk table  [0x000001a83806b6b0,0x000001a83806b6f8] = 72

[Constant Pool (empty)]

[MachCode]
[Entry Point]
  # {method} {0x000001a84c7ac210} 'run' '()Ljava/lang/Class;' in 'java/net/URLClassLoader$1'
  #           [sp+0x130]  (sp of caller)
  0x000001a8380699c0: 448b 5208 | 49c1 e203 

  0x000001a8380699c8: ;   {runtime_call ic_miss_stub}
  0x000001a8380699c8: 4c3b d00f | 85af 4d36 | 0766 6666 | 0f1f 8400 | 0000 0000 | 6666 6690 
[Verified Entry Point]
  0x000001a8380699e0: 8984 2400 | 80ff ff55 | 4881 ec20 | 0100 0090 | 4181 7f20 | 0100 0000 

  0x000001a8380699f8: ;   {runtime_call StubRoutines (final stubs)}
  0x000001a8380699f8: 7405 e801 | 1d35 0748 | 8994 24b8 

  0x000001a838069a04: ;   {metadata(method data for {method} {0x000001a84c7ac210} 'run' '()Ljava/lang/Class;' in 'java/net/URLClassLoader$1')}
  0x000001a838069a04: 0000 0049 | b868 5888 | 4ca8 0100 | 0045 8b88 | cc00 0000 | 4183 c102 | 4589 88cc | 0000 0041 
  0x000001a838069a24: 81e1 fe07 | 0000 4585 | c90f 8476 | 0f00 008b | 720c 483b | 064c 8bc6 

  0x000001a838069a3c: ;   {metadata(method data for {method} {0x000001a84c7ac210} 'run' '()Ljava/lang/Class;' in 'java/net/URLClassLoader$1')}
  0x000001a838069a3c: 49b9 6858 | 884c a801 | 0000 4983 | 8110 0100 | 0001 41b8 | 2e00 0000 | 41b9 2f00 | 0000 488b 
  0x000001a838069a5c: ;   {optimized virtual_call}
  0x000001a838069a5c: d666 90e8 

  0x000001a838069a60: ; ImmutableOopMap {[184]=Oop }
                      ;*invokevirtual replace {reexecute=0 rethrow=0 return_oop=0}
                      ; - java.net.URLClassLoader$1::run@8
  0x000001a838069a60: 1c42 e9ff 

  0x000001a838069a64: ;   {other}
  0x000001a838069a64: 0f1f 8400 | 5404 0000 

  0x000001a838069a6c: ; implicit exception: dispatches to 0x000001a83806a9cf
  0x000001a838069a6c: 483b 0048 

  0x000001a838069a70: ;   {metadata(method data for {method} {0x000001a84c7ac210} 'run' '()Ljava/lang/Class;' in 'java/net/URLClassLoader$1')}
  0x000001a838069a70: 8bd0 48be | 6858 884c | a801 0000 | 4883 8648 | 0100 0001 

  0x000001a838069a84: ;   {metadata(method data for {method} {0x000001a84c00c1f8} 'concat' '(Ljava/lang/String;)Ljava/lang/String;' in 'java/lang/String')}
  0x000001a838069a84: 48ba 58fe | 914c a801 | 0000 8bb2 | cc00 0000 | 83c6 0289 | b2cc 0000 | 0081 e6fe | ff1f 0085 
  0x000001a838069aa4: f60f 8429 

  0x000001a838069aa8: ;   {oop(".class"{0x0000000087d60120})}
  0x000001a838069aa8: 0f00 0048 | ba20 01d6 | 8700 0000 

  0x000001a838069ab4: ;   {metadata(method data for {method} {0x000001a84c00c1f8} 'concat' '(Ljava/lang/String;)Ljava/lang/String;' in 'java/lang/String')}
  0x000001a838069ab4: 0048 be58 | fe91 4ca8 | 0100 0048 | 8386 1001 

  0x000001a838069ac4: ;   {metadata(method data for {method} {0x000001a84c009e30} 'isEmpty' '()Z' in 'java/lang/String')}
  0x000001a838069ac4: 0000 0148 | ba40 d549 | 4ca8 0100 | 008b b2cc | 0000 0083 | c602 89b2 | cc00 0000 | 81e6 feff 
  0x000001a838069ae4: 1f00 85f6 | 0f84 070f 

  0x000001a838069aec: ;   {metadata(method data for {method} {0x000001a84c009e30} 'isEmpty' '()Z' in 'java/lang/String')}
  0x000001a838069aec: 0000 48ba | 40d5 494c | a801 0000 | ff82 1001 

  0x000001a838069afc: ;   {metadata(method data for {method} {0x000001a84c00c1f8} 'concat' '(Ljava/lang/String;)Ljava/lang/String;' in 'java/lang/String')}
  0x000001a838069afc: 0000 48ba | 58fe 914c | a801 0000 | ff82 4801 

  0x000001a838069b0c: ;   {metadata(method data for {method} {0x000001a84c00c1f8} 'concat' '(Ljava/lang/String;)Ljava/lang/String;' in 'java/lang/String')}
  0x000001a838069b0c: 0000 48ba | 58fe 914c | a801 0000 | 4883 8268 | 0100 0001 

  0x000001a838069b20: ;   {metadata(method data for {method} {0x000001a84c1c1188} 'simpleConcat' '(Ljava/lang/Object;Ljava/lang/Object;)Ljava/lang/String;' in 'java/lang/StringConcatHelper')}
  0x000001a838069b20: 48ba 1800 | 924c a801 | 0000 8bb2 | cc00 0000 | 83c6 0289 | b2cc 0000 | 0081 e6fe | ff1f 0085 
  0x000001a838069b40: f60f 84cf 

  0x000001a838069b44: ;   {metadata(method data for {method} {0x000001a84c1c1188} 'simpleConcat' '(Ljava/lang/Object;Ljava/lang/Object;)Ljava/lang/String;' in 'java/lang/StringConcatHelper')}
  0x000001a838069b44: 0e00 0048 | ba18 0092 | 4ca8 0100 | 0048 8382 | 1001 0000 

  0x000001a838069b58: ;   {metadata(method data for {method} {0x000001a84c1c1340} 'stringOf' '(Ljava/lang/Object;)Ljava/lang/String;' in 'java/lang/StringConcatHelper')}
  0x000001a838069b58: 0148 ba00 | 4479 4ca8 | 0100 008b | b2cc 0000 | 0083 c602 | 89b2 cc00 | 0000 81e6 | feff 1f00 
  0x000001a838069b78: 85f6 0f84 | b70e 0000 

  0x000001a838069b80: ;   {metadata(method data for {method} {0x000001a84c1c1340} 'stringOf' '(Ljava/lang/Object;)Ljava/lang/String;' in 'java/lang/StringConcatHelper')}
  0x000001a838069b80: 4885 c048 | ba00 4479 | 4ca8 0100 | 0048 c7c6 | 1001 0000 | 7407 48c7 | c620 0100 | 0048 8b3c 
  0x000001a838069ba0: 3248 8d7f | 0148 893c | 320f 846b | 0000 0048 

  0x000001a838069bb0: ;   {metadata(method data for {method} {0x000001a84c1c1340} 'stringOf' '(Ljava/lang/Object;)Ljava/lang/String;' in 'java/lang/StringConcatHelper')}
  0x000001a838069bb0: 8bd0 48be | 0044 794c | a801 0000 | 4883 8630 | 0100 0001 

  0x000001a838069bc4: ;   {metadata(method data for {method} {0x000001a84c00e388} 'toString' '()Ljava/lang/String;' in 'java/lang/String')}
  0x000001a838069bc4: 48ba 08bb | 664c a801 | 0000 8bb2 | cc00 0000 | 83c6 0289 | b2cc 0000 | 0081 e6fe | ff1f 0085 
  0x000001a838069be4: f60f 846d | 0e00 0048 

  0x000001a838069bec: ;   {metadata(method data for {method} {0x000001a84c1c1340} 'stringOf' '(Ljava/lang/Object;)Ljava/lang/String;' in 'java/lang/StringConcatHelper')}
  0x000001a838069bec: 85c0 48ba | 0044 794c | a801 0000 | 48c7 c668 | 0100 0075 | 0748 c7c6 | 7801 0000 | 488b 3c32 
  0x000001a838069c0c: 488d 7f01 | 4889 3c32 | 0f85 1a00 

  0x000001a838069c18: ;   {metadata(method data for {method} {0x000001a84c1c1340} 'stringOf' '(Ljava/lang/Object;)Ljava/lang/String;' in 'java/lang/StringConcatHelper')}
  0x000001a838069c18: 0000 48ba | 0044 794c | a801 0000 | ff82 8801 

  0x000001a838069c28: ;   {oop("null"{0x0000000087d144b8})}
  0x000001a838069c28: 0000 48b8 | b844 d187 | 0000 0000 

  0x000001a838069c34: ;   {metadata(method data for {method} {0x000001a84c1c1188} 'simpleConcat' '(Ljava/lang/Object;Ljava/lang/Object;)Ljava/lang/String;' in 'java/lang/StringConcatHelper')}
  0x000001a838069c34: 48ba 1800 | 924c a801 | 0000 4883 | 8220 0100 

  0x000001a838069c44: ;   {metadata(method data for {method} {0x000001a84c1c1340} 'stringOf' '(Ljava/lang/Object;)Ljava/lang/String;' in 'java/lang/StringConcatHelper')}
  0x000001a838069c44: 0001 48ba | 0044 794c | a801 0000 | 8bb2 cc00 | 0000 83c6 | 0289 b2cc | 0000 0081 | e6fe ff1f 
  0x000001a838069c64: 0085 f60f | 840c 0e00 

  0x000001a838069c6c: ;   {metadata(method data for {method} {0x000001a84c1c1340} 'stringOf' '(Ljava/lang/Object;)Ljava/lang/String;' in 'java/lang/StringConcatHelper')}
  0x000001a838069c6c: 0048 ba00 | 4479 4ca8 | 0100 00ff | 8220 0100 

  0x000001a838069c7c: ;   {oop(".class"{0x0000000087d60120})}
  0x000001a838069c7c: 0048 ba20 | 01d6 8700 

  0x000001a838069c84: ;   {metadata(method data for {method} {0x000001a84c1c1340} 'stringOf' '(Ljava/lang/Object;)Ljava/lang/String;' in 'java/lang/StringConcatHelper')}
  0x000001a838069c84: 0000 0048 | be00 4479 | 4ca8 0100 | 0048 8386 | 3001 0000 

  0x000001a838069c98: ;   {metadata(method data for {method} {0x000001a84c00e388} 'toString' '()Ljava/lang/String;' in 'java/lang/String')}
  0x000001a838069c98: 0148 ba08 | bb66 4ca8 | 0100 008b | b2cc 0000 | 0083 c602 | 89b2 cc00 | 0000 81e6 | feff 1f00 
  0x000001a838069cb8: 85f6 0f84 | da0d 0000 

  0x000001a838069cc0: ;   {metadata(method data for {method} {0x000001a84c1c1340} 'stringOf' '(Ljava/lang/Object;)Ljava/lang/String;' in 'java/lang/StringConcatHelper')}
  0x000001a838069cc0: 48ba 0044 | 794c a801 | 0000 ff82 | 6801 0000 

  0x000001a838069cd0: ; implicit exception: dispatches to 0x000001a83806aabb
  0x000001a838069cd0: 483b 0048 

  0x000001a838069cd4: ;   {metadata(method data for {method} {0x000001a84c1c1188} 'simpleConcat' '(Ljava/lang/Object;Ljava/lang/Object;)Ljava/lang/String;' in 'java/lang/StringConcatHelper')}
  0x000001a838069cd4: 8bd0 48be | 1800 924c | a801 0000 | 4883 8630 | 0100 0001 

  0x000001a838069ce8: ;   {metadata(method data for {method} {0x000001a84c009e30} 'isEmpty' '()Z' in 'java/lang/String')}
  0x000001a838069ce8: 48ba 40d5 | 494c a801 | 0000 8bb2 | cc00 0000 | 83c6 0289 | b2cc 0000 | 0081 e6fe | ff1f 0085 
  0x000001a838069d08: f60f 84b1 | 0d00 008b | 5014 8b72 

  0x000001a838069d14: ;   {metadata(method data for {method} {0x000001a84c009e30} 'isEmpty' '()Z' in 'java/lang/String')}
  0x000001a838069d14: 0c85 f648 | ba40 d549 | 4ca8 0100 | 0048 c7c7 | 1001 0000 | 7507 48c7 | c720 0100 | 0048 8b0c 
  0x000001a838069d34: 3a48 8d49 | 0148 890c | 3a0f 851a 

  0x000001a838069d40: ;   {metadata(method data for {method} {0x000001a84c009e30} 'isEmpty' '()Z' in 'java/lang/String')}
  0x000001a838069d40: 0000 0048 | ba40 d549 | 4ca8 0100 | 00ff 8230 | 0100 00ba | 0100 0000 | e905 0000 | 00ba 0000 
  0x000001a838069d60: 0000 83e2 

  0x000001a838069d64: ;   {metadata(method data for {method} {0x000001a84c1c1188} 'simpleConcat' '(Ljava/lang/Object;Ljava/lang/Object;)Ljava/lang/String;' in 'java/lang/StringConcatHelper')}
  0x000001a838069d64: 0185 d248 | ba18 0092 | 4ca8 0100 | 0048 c7c7 | 6801 0000 | 7407 48c7 | c778 0100 | 0048 8b0c 
  0x000001a838069d84: 3a48 8d49 | 0148 890c | 3a0f 848e 

  0x000001a838069d90: ;   {metadata('java/lang/String')}
  0x000001a838069d90: 0000 0048 | ba90 2004 | 0001 0000 | 0049 8b87 | b801 0000 | 488d 7818 | 493b bfc8 | 0100 000f 
  0x000001a838069db0: 8731 0d00 | 0049 89bf | b801 0000 | 48c7 0001 | 0000 0048 | 8bca 48c1 | e903 8948 | 0848 33c9 
  0x000001a838069dd0: 8948 0c48 | 33c9 4889 | 4810 4c8b 

  0x000001a838069ddc: ;   {metadata(method data for {method} {0x000001a84c1c1188} 'simpleConcat' '(Ljava/lang/Object;Ljava/lang/Object;)Ljava/lang/String;' in 'java/lang/StringConcatHelper')}
  0x000001a838069ddc: c048 ba18 | 0092 4ca8 | 0100 0048 | 8382 8801 

  0x000001a838069dec: ;   {oop(".class"{0x0000000087d60120})}
  0x000001a838069dec: 0000 0149 | b820 01d6 | 8700 0000 | 0048 8bd0 | 4889 8424 | c000 0000 

  0x000001a838069e04: ;   {optimized virtual_call}
  0x000001a838069e04: 6666 90e8 

  0x000001a838069e08: ; ImmutableOopMap {[184]=Oop [192]=Oop }
                      ;*invokespecial <init> {reexecute=0 rethrow=0 return_oop=0}
                      ; - java.lang.StringConcatHelper::simpleConcat@22
                      ; - java.lang.String::concat@11
                      ; - java.net.URLClassLoader$1::run@13
  0x000001a838069e08: 744c 3607 

  0x000001a838069e0c: ;   {other}
  0x000001a838069e0c: 0f1f 8400 | fc07 0001 | 488b 8424 | c000 0000 | e9f3 0600 

  0x000001a838069e20: ;   {oop(".class"{0x0000000087d60120})}
  0x000001a838069e20: 0048 b920 | 01d6 8700 

  0x000001a838069e28: ;   {metadata(method data for {method} {0x000001a84c1c1188} 'simpleConcat' '(Ljava/lang/Object;Ljava/lang/Object;)Ljava/lang/String;' in 'java/lang/StringConcatHelper')}
  0x000001a838069e28: 0000 0049 | b818 0092 | 4ca8 0100 | 0049 8380 | 9801 0000 

  0x000001a838069e3c: ;   {metadata(method data for {method} {0x000001a84c009e30} 'isEmpty' '()Z' in 'java/lang/String')}
  0x000001a838069e3c: 0148 b940 | d549 4ca8 | 0100 0044 | 8b81 cc00 | 0000 4183 | c002 4489 | 81cc 0000 | 0041 81e0 
  0x000001a838069e5c: feff 1f00 | 4585 c00f | 848a 0c00 

  0x000001a838069e68: ;   {metadata(method data for {method} {0x000001a84c009e30} 'isEmpty' '()Z' in 'java/lang/String')}
  0x000001a838069e68: 0048 b940 | d549 4ca8 | 0100 00ff | 8110 0100 

  0x000001a838069e78: ;   {metadata(method data for {method} {0x000001a84c1c1188} 'simpleConcat' '(Ljava/lang/Object;Ljava/lang/Object;)Ljava/lang/String;' in 'java/lang/StringConcatHelper')}
  0x000001a838069e78: 0048 b918 | 0092 4ca8 | 0100 00ff | 81d0 0100 

  0x000001a838069e88: ;   {metadata(method data for {method} {0x000001a84c1c1188} 'simpleConcat' '(Ljava/lang/Object;Ljava/lang/Object;)Ljava/lang/String;' in 'java/lang/StringConcatHelper')}
  0x000001a838069e88: 0048 b918 | 0092 4ca8 | 0100 0048 | 8381 0002 

  0x000001a838069e98: ;   {metadata(method data for {method} {0x000001a84c1c1608} 'initialCoder' '()J' in 'java/lang/StringConcatHelper')}
  0x000001a838069e98: 0000 0148 | b9f0 fc91 | 4ca8 0100 | 0044 8b81 | cc00 0000 | 4183 c002 | 4489 81cc | 0000 0041 
  0x000001a838069eb8: 81e0 feff | 1f00 4585 | c00f 844d 

  0x000001a838069ec4: ;   {metadata(method data for {method} {0x000001a84c1c1608} 'initialCoder' '()J' in 'java/lang/StringConcatHelper')}
  0x000001a838069ec4: 0c00 0048 | b9f0 fc91 | 4ca8 0100 | 00ff 8120 

  0x000001a838069ed4: ;   {metadata(method data for {method} {0x000001a84c1c1608} 'initialCoder' '()J' in 'java/lang/StringConcatHelper')}
  0x000001a838069ed4: 0100 0048 | b9f0 fc91 | 4ca8 0100 | 00ff 8130 

  0x000001a838069ee4: ;   {metadata(method data for {method} {0x000001a84c1c1188} 'simpleConcat' '(Ljava/lang/Object;Ljava/lang/Object;)Ljava/lang/String;' in 'java/lang/StringConcatHelper')}
  0x000001a838069ee4: 0100 0048 | b918 0092 | 4ca8 0100 | 0048 8381 | 1002 0000 

  0x000001a838069ef8: ;   {metadata(method data for {method} {0x000001a84c1c03d0} 'mix' '(JLjava/lang/String;)J' in 'java/lang/StringConcatHelper')}
  0x000001a838069ef8: 0148 b9e0 | 4579 4ca8 | 0100 0044 | 8b81 cc00 | 0000 4183 | c002 4489 | 81cc 0000 | 0041 81e0 
  0x000001a838069f18: feff 1f00 | 4585 c00f | 8410 0c00 | 0048 8bc8 

  0x000001a838069f28: ;   {metadata(method data for {method} {0x000001a84c1c03d0} 'mix' '(JLjava/lang/String;)J' in 'java/lang/StringConcatHelper')}
  0x000001a838069f28: 49b8 e045 | 794c a801 | 0000 4983 | 8010 0100 

  0x000001a838069f38: ;   {metadata(method data for {method} {0x000001a84c009d78} 'length' '()I' in 'java/lang/String')}
  0x000001a838069f38: 0001 48b9 | 4037 344c | a801 0000 | 448b 81cc | 0000 0041 | 83c0 0244 | 8981 cc00 | 0000 4181 
  0x000001a838069f58: e0fe ff1f | 0045 85c0 | 0f84 f00b | 0000 488b 

  0x000001a838069f68: ;   {metadata(method data for {method} {0x000001a84c009d78} 'length' '()I' in 'java/lang/String')}
  0x000001a838069f68: c849 b840 | 3734 4ca8 | 0100 0049 | 8380 1001 

  0x000001a838069f78: ;   {metadata(method data for {method} {0x000001a84c00f8e8} 'coder' '()B' in 'java/lang/String')}
  0x000001a838069f78: 0000 0148 | b9c8 3534 | 4ca8 0100 | 0044 8b81 | cc00 0000 | 4183 c002 | 4489 81cc | 0000 0041 
  0x000001a838069f98: 81e0 feff | 1f00 4585 | c00f 84d0 

  0x000001a838069fa4: ;   {metadata(method data for {method} {0x000001a84c00f8e8} 'coder' '()B' in 'java/lang/String')}
  0x000001a838069fa4: 0b00 0048 | b9c8 3534 | 4ca8 0100 | 00ff 8120 | 0100 000f 

  0x000001a838069fb8: ;   {metadata(method data for {method} {0x000001a84c00f8e8} 'coder' '()B' in 'java/lang/String')}
  0x000001a838069fb8: be48 1049 | b8c8 3534 | 4ca8 0100 | 0041 ff80 | 3001 0000 | c1e1 184c | 8bc1 41c1 | f818 498b 
  0x000001a838069fd8: c8d3 fe48 | 63f6 488b 

  0x000001a838069fe0: ;   {metadata(method data for {method} {0x000001a84c1c03d0} 'mix' '(JLjava/lang/String;)J' in 'java/lang/StringConcatHelper')}
  0x000001a838069fe0: c849 b9e0 | 4579 4ca8 | 0100 0049 | 8381 4801 

  0x000001a838069ff0: ;   {metadata(method data for {method} {0x000001a84c00f8e8} 'coder' '()B' in 'java/lang/String')}
  0x000001a838069ff0: 0000 0148 | b9c8 3534 | 4ca8 0100 | 0044 8b89 | cc00 0000 | 4183 c102 | 4489 89cc | 0000 0041 
  0x000001a83806a010: 81e1 feff | 1f00 4585 | c90f 8479 

  0x000001a83806a01c: ;   {metadata(method data for {method} {0x000001a84c00f8e8} 'coder' '()B' in 'java/lang/String')}
  0x000001a83806a01c: 0b00 0048 | b9c8 3534 | 4ca8 0100 | 00ff 8120 

  0x000001a83806a02c: ;   {metadata(method data for {method} {0x000001a84c00f8e8} 'coder' '()B' in 'java/lang/String')}
  0x000001a83806a02c: 0100 0048 | b9c8 3534 | 4ca8 0100 | 00ff 8130 | 0100 0041 

  0x000001a83806a040: ;   {metadata(method data for {method} {0x000001a84c1c03d0} 'mix' '(JLjava/lang/String;)J' in 'java/lang/StringConcatHelper')}
  0x000001a83806a040: 83f8 0148 | b9e0 4579 | 4ca8 0100 | 0049 c7c0 | 8001 0000 | 7507 49c7 | c090 0100 | 004e 8b0c 
  0x000001a83806a060: 014d 8d49 | 014e 890c | 010f 850d | 0000 0049 | ba00 0000 | 0001 0000 | 0049 0bf2 

  0x000001a83806a07c: ;   {metadata(method data for {method} {0x000001a84c1c03d0} 'mix' '(JLjava/lang/String;)J' in 'java/lang/StringConcatHelper')}
  0x000001a83806a07c: 48b9 e045 | 794c a801 | 0000 4883 | 81a0 0100 

  0x000001a83806a08c: ;   {metadata(method data for {method} {0x000001a84c1c0000} 'checkOverflow' '(J)J' in 'java/lang/StringConcatHelper')}
  0x000001a83806a08c: 0001 48b9 | e047 794c | a801 0000 | 448b 81cc | 0000 0041 | 83c0 0244 | 8981 cc00 | 0000 4181 
  0x000001a83806a0ac: e0fe ff1f | 0045 85c0 | 0f84 ff0a | 0000 8bce 

  0x000001a83806a0bc: ;   {metadata(method data for {method} {0x000001a84c1c0000} 'checkOverflow' '(J)J' in 'java/lang/StringConcatHelper')}
  0x000001a83806a0bc: 85c9 48b9 | e047 794c | a801 0000 | 49c7 c010 | 0100 007c | 0749 c7c0 | 2001 0000 | 4e8b 0c01 
  0x000001a83806a0dc: 4d8d 4901 | 4e89 0c01 | 0f8c 5f07 

  0x000001a83806a0e8: ;   {metadata(method data for {method} {0x000001a84c1c1188} 'simpleConcat' '(Ljava/lang/Object;Ljava/lang/Object;)Ljava/lang/String;' in 'java/lang/StringConcatHelper')}
  0x000001a83806a0e8: 0000 48b9 | 1800 924c | a801 0000 | 4883 8120 | 0200 0001 

  0x000001a83806a0fc: ;   {metadata(method data for {method} {0x000001a84c1c03d0} 'mix' '(JLjava/lang/String;)J' in 'java/lang/StringConcatHelper')}
  0x000001a83806a0fc: 48b9 e045 | 794c a801 | 0000 448b | 81cc 0000 | 0041 83c0 | 0244 8981 | cc00 0000 | 4181 e0fe 
  0x000001a83806a11c: ff1f 0045 | 85c0 0f84 | b20a 0000 

  0x000001a83806a128: ;   {oop(".class"{0x0000000087d60120})}
  0x000001a83806a128: 48b9 2001 | d687 0000 | 0000 4c8b 

  0x000001a83806a134: ;   {metadata(method data for {method} {0x000001a84c1c03d0} 'mix' '(JLjava/lang/String;)J' in 'java/lang/StringConcatHelper')}
  0x000001a83806a134: c149 b9e0 | 4579 4ca8 | 0100 0049 | 8381 1001 

  0x000001a83806a144: ;   {metadata(method data for {method} {0x000001a84c009d78} 'length' '()I' in 'java/lang/String')}
  0x000001a83806a144: 0000 0149 | b840 3734 | 4ca8 0100 | 0045 8b88 | cc00 0000 | 4183 c102 | 4589 88cc | 0000 0041 
  0x000001a83806a164: 81e1 feff | 1f00 4585 | c90f 8488 

  0x000001a83806a170: ;   {metadata(method data for {method} {0x000001a84c009d78} 'length' '()I' in 'java/lang/String')}
  0x000001a83806a170: 0a00 0049 | b840 3734 | 4ca8 0100 | 0049 8380 | 1001 0000 

  0x000001a83806a184: ;   {metadata(method data for {method} {0x000001a84c00f8e8} 'coder' '()B' in 'java/lang/String')}
  0x000001a83806a184: 0148 b9c8 | 3534 4ca8 | 0100 0044 | 8b81 cc00 | 0000 4183 | c002 4489 | 81cc 0000 | 0041 81e0 
  0x000001a83806a1a4: feff 1f00 | 4585 c00f | 846b 0a00 

  0x000001a83806a1b0: ;   {metadata(method data for {method} {0x000001a84c00f8e8} 'coder' '()B' in 'java/lang/String')}
  0x000001a83806a1b0: 0048 b9c8 | 3534 4ca8 | 0100 00ff | 8120 0100 

  0x000001a83806a1c0: ;   {metadata(method data for {method} {0x000001a84c00f8e8} 'coder' '()B' in 'java/lang/String')}
  0x000001a83806a1c0: 0048 b9c8 | 3534 4ca8 | 0100 00ff | 8130 0100 | 0049 c7c2 | 0600 0000 | 4903 f248 | 89b4 24c8 
  0x000001a83806a1e0: ;   {oop(".class"{0x0000000087d60120})}
  0x000001a83806a1e0: 0000 0048 | b920 01d6 | 8700 0000 

  0x000001a83806a1ec: ;   {metadata(method data for {method} {0x000001a84c1c03d0} 'mix' '(JLjava/lang/String;)J' in 'java/lang/StringConcatHelper')}
  0x000001a83806a1ec: 0049 b8e0 | 4579 4ca8 | 0100 0049 | 8380 4801 

  0x000001a83806a1fc: ;   {metadata(method data for {method} {0x000001a84c00f8e8} 'coder' '()B' in 'java/lang/String')}
  0x000001a83806a1fc: 0000 0148 | b9c8 3534 | 4ca8 0100 | 0044 8b81 | cc00 0000 | 4183 c002 | 4489 81cc | 0000 0041 
  0x000001a83806a21c: 81e0 feff | 1f00 4585 | c00f 8412 

  0x000001a83806a228: ;   {metadata(method data for {method} {0x000001a84c00f8e8} 'coder' '()B' in 'java/lang/String')}
  0x000001a83806a228: 0a00 0048 | b9c8 3534 | 4ca8 0100 | 00ff 8120 

  0x000001a83806a238: ;   {metadata(method data for {method} {0x000001a84c00f8e8} 'coder' '()B' in 'java/lang/String')}
  0x000001a83806a238: 0100 0048 | b9c8 3534 | 4ca8 0100 | 00ff 8130 

  0x000001a83806a248: ;   {metadata(method data for {method} {0x000001a84c1c03d0} 'mix' '(JLjava/lang/String;)J' in 'java/lang/StringConcatHelper')}
  0x000001a83806a248: 0100 0048 | b9e0 4579 | 4ca8 0100 | 00ff 8180 

  0x000001a83806a258: ;   {metadata(method data for {method} {0x000001a84c1c03d0} 'mix' '(JLjava/lang/String;)J' in 'java/lang/StringConcatHelper')}
  0x000001a83806a258: 0100 0048 | b9e0 4579 | 4ca8 0100 | 0048 8381 | a001 0000 

  0x000001a83806a26c: ;   {metadata(method data for {method} {0x000001a84c1c0000} 'checkOverflow' '(J)J' in 'java/lang/StringConcatHelper')}
  0x000001a83806a26c: 0148 b9e0 | 4779 4ca8 | 0100 0044 | 8b81 cc00 | 0000 4183 | c002 4489 | 81cc 0000 | 0041 81e0 
  0x000001a83806a28c: feff 1f00 | 4585 c00f | 84c5 0900 | 0044 8bc6 

  0x000001a83806a29c: ;   {metadata(method data for {method} {0x000001a84c1c0000} 'checkOverflow' '(J)J' in 'java/lang/StringConcatHelper')}
  0x000001a83806a29c: 4585 c048 | b9e0 4779 | 4ca8 0100 | 0049 c7c1 | 1001 0000 | 7c07 49c7 | c120 0100 | 004a 8b14 
  0x000001a83806a2bc: 0948 8d52 | 014a 8914 | 090f 8cd6 

  0x000001a83806a2c8: ;   {metadata(method data for {method} {0x000001a84c1c1188} 'simpleConcat' '(Ljava/lang/Object;Ljava/lang/Object;)Ljava/lang/String;' in 'java/lang/StringConcatHelper')}
  0x000001a83806a2c8: 0400 0048 | b918 0092 | 4ca8 0100 | 0048 8381 | 3002 0000 

  0x000001a83806a2dc: ;   {metadata(method data for {method} {0x000001a84c1c1530} 'newArray' '(J)[B' in 'java/lang/StringConcatHelper')}
  0x000001a83806a2dc: 0148 b908 | ca7a 4ca8 | 0100 0044 | 8b89 cc00 | 0000 4183 | c102 4489 | 89cc 0000 | 0041 81e1 
  0x000001a83806a2fc: feff 1f00 | 4585 c90f | 8476 0900 | 00b9 2000 | 0000 4c8b | ce49 d3f9 | 458b c945 | 0fbe c949 
  0x000001a83806a31c: 8bc9 4d8b | c841 d3e1 

  0x000001a83806a324: ;   {metadata(method data for {method} {0x000001a84c1c1530} 'newArray' '(J)[B' in 'java/lang/StringConcatHelper')}
  0x000001a83806a324: 4585 c949 | b808 ca7a | 4ca8 0100 | 0048 c7c2 | 2001 0000 | 7c07 48c7 | c210 0100 | 0049 8b3c 
  0x000001a83806a344: 1048 8d7f | 0149 893c | 1048 8984 | 24d0 0000 | 000f 8ca6 

  0x000001a83806a358: ;   {oop(a 'jdk/internal/misc/Unsafe'{0x0000000087d00140})}
  0x000001a83806a358: 0300 0048 | ba40 01d0 | 8700 0000 | 004c 8bc2 

  0x000001a83806a368: ;   {metadata(method data for {method} {0x000001a84c1c1530} 'newArray' '(J)[B' in 'java/lang/StringConcatHelper')}
  0x000001a83806a368: 48bf 08ca | 7a4c a801 | 0000 4883 | 8740 0100 

  0x000001a83806a378: ;   {oop(a 'java/lang/Class'{0x0000000087d14288} = byte)}
  0x000001a83806a378: 0001 49b8 | 8842 d187 | 0000 0000 

  0x000001a83806a384: ;   {optimized virtual_call}
  0x000001a83806a384: 6666 90e8 

  0x000001a83806a388: ; ImmutableOopMap {[184]=Oop [208]=Oop }
                      ;*invokevirtual allocateUninitializedArray {reexecute=0 rethrow=0 return_oop=0}
                      ; - java.lang.StringConcatHelper::newArray@33
                      ; - java.lang.StringConcatHelper::simpleConcat@61
                      ; - java.lang.String::concat@11
                      ; - java.net.URLClassLoader$1::run@13
  0x000001a83806a388: 14b3 e8ff 

  0x000001a83806a38c: ;   {other}
  0x000001a83806a38c: 0f1f 8400 | 7c0d 0002 | 4885 c075 

  0x000001a83806a398: ;   {metadata(method data for {method} {0x000001a84c1c1530} 'newArray' '(J)[B' in 'java/lang/StringConcatHelper')}
  0x000001a83806a398: 1749 b808 | ca7a 4ca8 | 0100 0041 | 8088 7101 | 0000 01e9 | bd00 0000 

  0x000001a83806a3b0: ;   {metadata({type array byte})}
  0x000001a83806a3b0: 49b9 c80a | 0400 0100 | 0000 448b | 4008 49c1 | e003 4d3b | 4838 0f85 | 8500 0000 

  0x000001a83806a3cc: ;   {metadata(method data for {method} {0x000001a84c1c1530} 'newArray' '(J)[B' in 'java/lang/StringConcatHelper')}
  0x000001a83806a3cc: 49b8 08ca | 7a4c a801 | 0000 448b | 4808 49c1 | e103 4d3b | 8888 0100 | 0075 0d49 | 8380 9001 
  0x000001a83806a3ec: 0000 01e9 | 7900 0000 | 4d3b 8898 | 0100 0075 | 0d49 8380 | a001 0000 | 01e9 6300 | 0000 4983 
  0x000001a83806a40c: b888 0100 | 0000 7517 | 4d89 8888 | 0100 0049 | c780 9001 | 0000 0100 | 0000 e942 | 0000 0049 
  0x000001a83806a42c: 83b8 9801 | 0000 0075 | 174d 8988 | 9801 0000 | 49c7 80a0 | 0100 0001 | 0000 00e9 | 2100 0000 
  0x000001a83806a44c: e91c 0000 

  0x000001a83806a450: ;   {metadata(method data for {method} {0x000001a84c1c1530} 'newArray' '(J)[B' in 'java/lang/StringConcatHelper')}
  0x000001a83806a450: 0049 b808 | ca7a 4ca8 | 0100 0049 | 83a8 7801 | 0000 01e9 | 3808 0000 | e900 0000 | 0048 8bf0 
  0x000001a83806a470: ;   {metadata(method data for {method} {0x000001a84c1c1188} 'simpleConcat' '(Ljava/lang/Object;Ljava/lang/Object;)Ljava/lang/String;' in 'java/lang/StringConcatHelper')}
  0x000001a83806a470: 48ba 1800 | 924c a801 | 0000 4883 | 8240 0200 

  0x000001a83806a480: ;   {oop(".class"{0x0000000087d60120})}
  0x000001a83806a480: 0001 49b9 | 2001 d687 | 0000 0000 | 488b 9424 | c800 0000 | 4c8b c648 | 89b4 24d8 

  0x000001a83806a49c: ;   {static_call}
  0x000001a83806a49c: 0000 00e8 

  0x000001a83806a4a0: ; ImmutableOopMap {[184]=Oop [208]=Oop [216]=Oop }
                      ;*invokestatic prepend {reexecute=0 rethrow=0 return_oop=0}
                      ; - java.lang.StringConcatHelper::simpleConcat@71
                      ; - java.lang.String::concat@11
                      ; - java.net.URLClassLoader$1::run@13
  0x000001a83806a4a0: 3cdf e8ff 

  0x000001a83806a4a4: ;   {other}
  0x000001a83806a4a4: 0f1f 8400 | 940e 0003 

  0x000001a83806a4ac: ;   {metadata(method data for {method} {0x000001a84c1c1188} 'simpleConcat' '(Ljava/lang/Object;Ljava/lang/Object;)Ljava/lang/String;' in 'java/lang/StringConcatHelper')}
  0x000001a83806a4ac: 48ba 1800 | 924c a801 | 0000 4883 | 8250 0200 | 0001 488b | d04c 8b84 | 24d8 0000 | 004c 8b8c 
  0x000001a83806a4cc: 24d0 0000 | 0066 0f1f 

  0x000001a83806a4d4: ;   {static_call}
  0x000001a83806a4d4: 4400 00e8 

  0x000001a83806a4d8: ; ImmutableOopMap {[184]=Oop [216]=Oop }
                      ;*invokestatic prepend {reexecute=0 rethrow=0 return_oop=0}
                      ; - java.lang.StringConcatHelper::simpleConcat@81
                      ; - java.lang.String::concat@11
                      ; - java.net.URLClassLoader$1::run@13
  0x000001a83806a4d8: 04df e8ff 

  0x000001a83806a4dc: ;   {other}
  0x000001a83806a4dc: 0f1f 8400 | cc0e 0004 

  0x000001a83806a4e4: ;   {metadata(method data for {method} {0x000001a84c1c1188} 'simpleConcat' '(Ljava/lang/Object;Ljava/lang/Object;)Ljava/lang/String;' in 'java/lang/StringConcatHelper')}
  0x000001a83806a4e4: 48ba 1800 | 924c a801 | 0000 4883 | 8260 0200 | 0001 488b | 9424 d800 | 0000 4c8b | c066 0f1f 
  0x000001a83806a504: ;   {static_call}
  0x000001a83806a504: 4400 00e8 

  0x000001a83806a508: ; ImmutableOopMap {[184]=Oop }
                      ;*invokestatic newString {reexecute=0 rethrow=0 return_oop=0}
                      ; - java.lang.StringConcatHelper::simpleConcat@90
                      ; - java.lang.String::concat@11
                      ; - java.net.URLClassLoader$1::run@13
  0x000001a83806a508: 9411 fcff 

  0x000001a83806a50c: ;   {other}
  0x000001a83806a50c: 0f1f 8400 | fc0e 0005 | 488b 9424 | b800 0000 | 448b 4210 

  0x000001a83806a520: ; implicit exception: dispatches to 0x000001a83806aca9
  0x000001a83806a520: 418b 7054 

  0x000001a83806a524: ; implicit exception: dispatches to 0x000001a83806acae
  0x000001a83806a524: 483b 064c 

  0x000001a83806a528: ;   {metadata(method data for {method} {0x000001a84c7ac210} 'run' '()Ljava/lang/Class;' in 'java/net/URLClassLoader$1')}
  0x000001a83806a528: 8bc6 49b9 | 6858 884c | a801 0000 

  0x000001a83806a534: ;   {metadata('jdk/internal/loader/URLClassPath')}
  0x000001a83806a534: 49ba f022 | 0300 0100 | 0000 4d89 | 9190 0100 | 0049 8381 | 9801 0000 | 014c 8bc0 | 41b9 0000 
  0x000001a83806a554: 0000 488b | d666 0f1f 

  0x000001a83806a55c: ;   {optimized virtual_call}
  0x000001a83806a55c: 4400 00e8 

  0x000001a83806a560: ; ImmutableOopMap {[184]=Oop }
                      ;*invokevirtual getResource {reexecute=0 rethrow=0 return_oop=0}
                      ; - java.net.URLClassLoader$1::run@26
  0x000001a83806a560: 1c20 fbff 

  0x000001a83806a564: ;   {other}
  0x000001a83806a564: 0f1f 8400 | 540f 0006 

  0x000001a83806a56c: ;   {metadata(method data for {method} {0x000001a84c7ac210} 'run' '()Ljava/lang/Class;' in 'java/net/URLClassLoader$1')}
  0x000001a83806a56c: 4885 c049 | b868 5888 | 4ca8 0100 | 0049 c7c1 | b801 0000 | 7407 49c7 | c1c8 0100 | 004b 8b14 
  0x000001a83806a58c: 0848 8d52 | 014b 8914 | 080f 84f1 | 0000 0048 | 8b94 24b8 | 0000 008b | 7210 448b | 420c 483b 
  0x000001a83806a5ac: 064c 8bce 

  0x000001a83806a5b0: ;   {metadata(method data for {method} {0x000001a84c7ac210} 'run' '()Ljava/lang/Class;' in 'java/net/URLClassLoader$1')}
  0x000001a83806a5b0: 48bf 6858 | 884c a801 | 0000 4883 | 87d8 0100 | 0001 4c8b | c848 8bd6 | 4889 8424 | e000 0000 
  0x000001a83806a5d0: 0f1f 8000 

  0x000001a83806a5d4: ;   {optimized virtual_call}
  0x000001a83806a5d4: 0000 00e8 

  0x000001a83806a5d8: ; ImmutableOopMap {[184]=Oop [224]=Oop }
                      ;*invokevirtual defineClass {reexecute=0 rethrow=0 return_oop=0}
                      ; - java.net.URLClassLoader$1::run@43
  0x000001a83806a5d8: c40f 0100 

  0x000001a83806a5dc: ;   {other}
  0x000001a83806a5dc: 0f1f 8400 | cc0f 0007 | 4881 c420 | 0100 005d 

  0x000001a83806a5ec: ;   {poll_return}
  0x000001a83806a5ec: 493b a750 | 0400 000f | 87bf 0600 | 00c3 498b | 8700 0500 | 004d 33d2 | 4d89 9700 | 0500 004d 
  0x000001a83806a60c: 33d2 4d89 | 9708 0500 | 0049 3b00 

  0x000001a83806a618: ;   {metadata(method data for {method} {0x000001a84c7ac210} 'run' '()Ljava/lang/Class;' in 'java/net/URLClassLoader$1')}
  0x000001a83806a618: 498b d048 | be68 5888 | 4ca8 0100 

  0x000001a83806a624: ;   {metadata('jdk/internal/loader/URLClassPath$JarLoader$2')}
  0x000001a83806a624: 0049 ba78 | 9700 0001 | 0000 004c | 8996 3002 | 0000 4883 | 8638 0200 | 0001 418b | 5010 4885 
  0x000001a83806a644: ;   {metadata(method data for {method} {0x000001a84c7ac210} 'run' '()Ljava/lang/Class;' in 'java/net/URLClassLoader$1')}
  0x000001a83806a644: d248 be68 | 5888 4ca8 | 0100 0048 | c7c7 5802 | 0000 7407 | 48c7 c768 | 0200 0048 | 8b1c 3e48 
  0x000001a83806a664: 8d5b 0148 | 891c 3e0f | 848b 0000 | 00e9 3600 | 0000 4881 | c420 0100 

  0x000001a83806a67c: ;   {poll_return}
  0x000001a83806a67c: 005d 493b | a750 0400 | 000f 8748 | 0600 00c3 

  0x000001a83806a68c: ;   {oop(nullptr)}
  0x000001a83806a68c: 48b8 0000 | 0000 0000 | 0000 4881 | c420 0100 

  0x000001a83806a69c: ;   {poll_return}
  0x000001a83806a69c: 005d 493b | a750 0400 | 000f 873e | 0600 00c3 

  0x000001a83806a6ac: ;   {metadata(method data for {method} {0x000001a84c7ac210} 'run' '()Ljava/lang/Class;' in 'java/net/URLClassLoader$1')}
  0x000001a83806a6ac: 48be 6858 | 884c a801 

  0x000001a83806a6b4: ;   {metadata('jdk/internal/loader/URLClassPath$JarLoader$2')}
  0x000001a83806a6b4: 0000 49ba | 7897 0000 | 0100 0000 | 4c89 9688 | 0200 0048 | 8386 9002 | 0000 014c | 8bc2 488b 
  0x000001a83806a6d4: d048 8984 | 24e8 0000 | 0048 b8ff | ffff ffff 

  0x000001a83806a6e4: ;   {virtual_call}
  0x000001a83806a6e4: ffff ffe8 

  0x000001a83806a6e8: ; ImmutableOopMap {[232]=Oop }
                      ;*invokevirtual addSuppressed {reexecute=0 rethrow=0 return_oop=0}
                      ; - java.net.URLClassLoader$1::run@74
  0x000001a83806a6e8: 9446 3607 

  0x000001a83806a6ec: ;   {other}
  0x000001a83806a6ec: 0f1f 8400 | dc10 0008 | 488b 8424 | e800 0000 | e9c8 0600 | 000f 1f80 | 0000 0000 

  0x000001a83806a708: ;   {no_reloc}
  0x000001a83806a708: e901 0600 | 0000 0000 | 0000 498b | 87b8 0100 | 0048 8d78 | 2849 3bbf | c801 0000 | 0f87 ee05 
  0x000001a83806a728: 0000 4989 | bfb8 0100 | 0048 c700 | 0100 0000 | 488b ca48 | c1e9 0389 | 4808 4833 | c989 480c 
  0x000001a83806a748: 4833 c948 | 8948 1048 | 8948 1848 | 8948 204c 

  0x000001a83806a758: ;   {metadata(method data for {method} {0x000001a84c1c1530} 'newArray' '(J)[B' in 'java/lang/StringConcatHelper')}
  0x000001a83806a758: 8bc0 48ba | 08ca 7a4c | a801 0000 | 4883 8230 | 0100 0001 

  0x000001a83806a76c: ;   {oop("Overflow: String length out of range"{0x0000000087dafed8})}
  0x000001a83806a76c: 49b8 d8fe | da87 0000 | 0000 488b | d048 8984 | 24f0 0000 | 0066 0f1f 

  0x000001a83806a784: ;   {optimized virtual_call}
  0x000001a83806a784: 4400 00e8 

  0x000001a83806a788: ; ImmutableOopMap {[184]=Oop [208]=Oop [240]=Oop }
                      ;*invokespecial <init> {reexecute=0 rethrow=0 return_oop=0}
                      ; - java.lang.StringConcatHelper::newArray@22
                      ; - java.lang.StringConcatHelper::simpleConcat@61
                      ; - java.lang.String::concat@11
                      ; - java.net.URLClassLoader$1::run@13
  0x000001a83806a788: f442 3607 

  0x000001a83806a78c: ;   {other}
  0x000001a83806a78c: 0f1f 8400 | 7c11 0009 | 488b 8424 | f000 0000 | e928 0600 | 0048 8984 | 24d0 0000 | 000f 1f80 
  0x000001a83806a7ac: 0000 0000 

  0x000001a83806a7b0: ;   {no_reloc}
  0x000001a83806a7b0: e97f 0500 | 0000 0000 | 0000 498b | 87b8 0100 | 0048 8d78 | 2849 3bbf | c801 0000 | 0f87 6c05 
  0x000001a83806a7d0: 0000 4989 | bfb8 0100 | 0048 c700 | 0100 0000 | 488b ca48 | c1e9 0389 | 4808 4833 | c989 480c 
  0x000001a83806a7f0: 4833 c948 | 8948 1048 | 8948 1848 | 8948 204c 

  0x000001a83806a800: ;   {metadata(method data for {method} {0x000001a84c1c0000} 'checkOverflow' '(J)J' in 'java/lang/StringConcatHelper')}
  0x000001a83806a800: 8bc0 48ba | e047 794c | a801 0000 | 4883 8230 | 0100 0001 

  0x000001a83806a814: ;   {oop("Overflow: String length out of range"{0x0000000087dafed8})}
  0x000001a83806a814: 49b8 d8fe | da87 0000 | 0000 488b | d048 8984 | 24f8 0000 | 0066 0f1f 

  0x000001a83806a82c: ;   {optimized virtual_call}
  0x000001a83806a82c: 4400 00e8 

  0x000001a83806a830: ; ImmutableOopMap {[184]=Oop [208]=Oop [248]=Oop }
                      ;*invokespecial <init> {reexecute=0 rethrow=0 return_oop=0}
                      ; - java.lang.StringConcatHelper::checkOverflow@13
                      ; - java.lang.StringConcatHelper::mix@23
                      ; - java.lang.StringConcatHelper::simpleConcat@54
                      ; - java.lang.String::concat@11
                      ; - java.net.URLClassLoader$1::run@13
  0x000001a83806a830: 4c42 3607 

  0x000001a83806a834: ;   {other}
  0x000001a83806a834: 0f1f 8400 | 2412 000a | 488b 8424 | f800 0000 | e980 0500 | 0048 8984 | 24d0 0000 | 000f 1f80 
  0x000001a83806a854: 0000 0000 

  0x000001a83806a858: ;   {no_reloc}
  0x000001a83806a858: e9fd 0400 | 0000 0000 | 0000 498b | 87b8 0100 | 0048 8d78 | 2849 3bbf | c801 0000 | 0f87 ea04 
  0x000001a83806a878: 0000 4989 | bfb8 0100 | 0048 c700 | 0100 0000 | 488b ca48 | c1e9 0389 | 4808 4833 | c989 480c 
  0x000001a83806a898: 4833 c948 | 8948 1048 | 8948 1848 | 8948 204c 

  0x000001a83806a8a8: ;   {metadata(method data for {method} {0x000001a84c1c0000} 'checkOverflow' '(J)J' in 'java/lang/StringConcatHelper')}
  0x000001a83806a8a8: 8bc0 48ba | e047 794c | a801 0000 | 4883 8230 | 0100 0001 

  0x000001a83806a8bc: ;   {oop("Overflow: String length out of range"{0x0000000087dafed8})}
  0x000001a83806a8bc: 49b8 d8fe | da87 0000 | 0000 488b | d048 8984 | 2400 0100 | 0066 0f1f 

  0x000001a83806a8d4: ;   {optimized virtual_call}
  0x000001a83806a8d4: 4400 00e8 

  0x000001a83806a8d8: ; ImmutableOopMap {[184]=Oop [208]=Oop [256]=Oop }
                      ;*invokespecial <init> {reexecute=0 rethrow=0 return_oop=0}
                      ; - java.lang.StringConcatHelper::checkOverflow@13
                      ; - java.lang.StringConcatHelper::mix@23
                      ; - java.lang.StringConcatHelper::simpleConcat@46
                      ; - java.lang.String::concat@11
                      ; - java.net.URLClassLoader$1::run@13
  0x000001a83806a8d8: a441 3607 

  0x000001a83806a8dc: ;   {other}
  0x000001a83806a8dc: 0f1f 8400 | cc12 000b | 488b 8424 | 0001 0000 | e9d8 0400 | 004c 8b84 | 24b8 0000 | 0049 8b87 
  0x000001a83806a8fc: 0005 0000 | 4d33 d24d | 8997 0005 | 0000 4d33 | d24d 8997 | 0805 0000 | 4c8b c890 

  0x000001a83806a918: ;   {no_reloc}
  0x000001a83806a918: e963 0400 | 0000 0000 | 0000 498b | 87b8 0100 | 0048 8d78 | 2849 3bbf | c801 0000 | 0f87 5004 
  0x000001a83806a938: 0000 4989 | bfb8 0100 | 0048 c700 | 0100 0000 | 488b ca48 | c1e9 0389 | 4808 4833 | c989 480c 
  0x000001a83806a958: 4833 c948 | 8948 1048 | 8948 1848 | 8948 2045 | 8b40 0c48 

  0x000001a83806a96c: ;   {metadata(method data for {method} {0x000001a84c7ac210} 'run' '()Ljava/lang/Class;' in 'java/net/URLClassLoader$1')}
  0x000001a83806a96c: 8bd0 48be | 6858 884c | a801 0000 | 4883 8610 | 0200 0001 | 488b d048 | 8984 2408 | 0100 000f 
  0x000001a83806a98c: ;   {optimized virtual_call}
  0x000001a83806a98c: 1f40 00e8 

  0x000001a83806a990: ; ImmutableOopMap {[264]=Oop }
                      ;*invokespecial <init> {reexecute=0 rethrow=0 return_oop=0}
                      ; - java.net.URLClassLoader$1::run@57
  0x000001a83806a990: ec40 3607 

  0x000001a83806a994: ;   {other}
  0x000001a83806a994: 0f1f 8400 | 8413 000c | 488b 8424 | 0801 0000 | e920 0400 

  0x000001a83806a9a8: ;   {metadata({method} {0x000001a84c7ac210} 'run' '()Ljava/lang/Class;' in 'java/net/URLClassLoader$1')}
  0x000001a83806a9a8: 0049 ba08 | c27a 4ca8 | 0100 004c | 8954 2408 | 48c7 0424 | ffff ffff 

  0x000001a83806a9c0: ;   {runtime_call counter_overflow Runtime1 stub}
  0x000001a83806a9c0: e83b f241 

  0x000001a83806a9c4: ; ImmutableOopMap {rdx=Oop [184]=Oop }
                      ;*synchronization entry
                      ; - java.net.URLClassLoader$1::run@-1
  0x000001a83806a9c4: 07e9 69f0 

  0x000001a83806a9c8: ;   {runtime_call throw_null_pointer_exception Runtime1 stub}
  0x000001a83806a9c8: ffff e831 

  0x000001a83806a9cc: ; ImmutableOopMap {rdx=Oop rsi=Oop [184]=Oop }
                      ;*invokevirtual replace {reexecute=0 rethrow=0 return_oop=0}
                      ; - java.net.URLClassLoader$1::run@8
                      ;   {runtime_call throw_null_pointer_exception Runtime1 stub}
  0x000001a83806a9cc: a141 07e8 

  0x000001a83806a9d0: ; ImmutableOopMap {rax=Oop [184]=Oop }
                      ;*invokevirtual concat {reexecute=0 rethrow=0 return_oop=0}
                      ; - java.net.URLClassLoader$1::run@13
  0x000001a83806a9d0: 2ca1 4107 

  0x000001a83806a9d4: ;   {metadata({method} {0x000001a84c00c1f8} 'concat' '(Ljava/lang/String;)Ljava/lang/String;' in 'java/lang/String')}
  0x000001a83806a9d4: 49ba f0c1 | 004c a801 | 0000 4c89 | 5424 0848 | c704 24ff 

  0x000001a83806a9e8: ;   {runtime_call counter_overflow Runtime1 stub}
  0x000001a83806a9e8: ffff ffe8 

  0x000001a83806a9ec: ; ImmutableOopMap {rax=Oop [184]=Oop }
                      ;*synchronization entry
                      ; - java.lang.String::concat@-1
                      ; - java.net.URLClassLoader$1::run@13
  0x000001a83806a9ec: 10f2 4107 | e9b6 f0ff 

  0x000001a83806a9f4: ;   {metadata({method} {0x000001a84c009e30} 'isEmpty' '()Z' in 'java/lang/String')}
  0x000001a83806a9f4: ff49 ba28 | 9e00 4ca8 | 0100 004c | 8954 2408 | 48c7 0424 | ffff ffff 

  0x000001a83806aa0c: ;   {runtime_call counter_overflow Runtime1 stub}
  0x000001a83806aa0c: e8ef f141 

  0x000001a83806aa10: ; ImmutableOopMap {rax=Oop [184]=Oop }
                      ;*synchronization entry
                      ; - java.lang.String::isEmpty@-1
                      ; - java.lang.String::concat@1
                      ; - java.net.URLClassLoader$1::run@13
  0x000001a83806aa10: 07e9 d8f0 

  0x000001a83806aa14: ;   {metadata({method} {0x000001a84c1c1188} 'simpleConcat' '(Ljava/lang/Object;Ljava/lang/Object;)Ljava/lang/String;' in 'java/lang/StringConcatHelper')}
  0x000001a83806aa14: ffff 49ba | 8011 1c4c | a801 0000 | 4c89 5424 | 0848 c704 | 24ff ffff 

  0x000001a83806aa2c: ;   {runtime_call counter_overflow Runtime1 stub}
  0x000001a83806aa2c: ffe8 cef1 

  0x000001a83806aa30: ; ImmutableOopMap {rax=Oop [184]=Oop }
                      ;*synchronization entry
                      ; - java.lang.StringConcatHelper::simpleConcat@-1
                      ; - java.lang.String::concat@11
                      ; - java.net.URLClassLoader$1::run@13
  0x000001a83806aa30: 4107 e910 

  0x000001a83806aa34: ;   {metadata({method} {0x000001a84c1c1340} 'stringOf' '(Ljava/lang/Object;)Ljava/lang/String;' in 'java/lang/StringConcatHelper')}
  0x000001a83806aa34: f1ff ff49 | ba38 131c | 4ca8 0100 | 004c 8954 | 2408 48c7 | 0424 ffff 

  0x000001a83806aa4c: ;   {runtime_call counter_overflow Runtime1 stub}
  0x000001a83806aa4c: ffff e8ad 

  0x000001a83806aa50: ; ImmutableOopMap {rax=Oop [184]=Oop }
                      ;*synchronization entry
                      ; - java.lang.StringConcatHelper::stringOf@-1
                      ; - java.lang.StringConcatHelper::simpleConcat@1
                      ; - java.lang.String::concat@11
                      ; - java.net.URLClassLoader$1::run@13
  0x000001a83806aa50: f141 07e9 | 28f1 ffff 

  0x000001a83806aa58: ;   {metadata({method} {0x000001a84c00e388} 'toString' '()Ljava/lang/String;' in 'java/lang/String')}
  0x000001a83806aa58: 49ba 80e3 | 004c a801 | 0000 4c89 | 5424 0848 | c704 24ff 

  0x000001a83806aa6c: ;   {runtime_call counter_overflow Runtime1 stub}
  0x000001a83806aa6c: ffff ffe8 

  0x000001a83806aa70: ; ImmutableOopMap {rax=Oop [184]=Oop }
                      ;*synchronization entry
                      ; - java.lang.String::toString@-1
                      ; - java.lang.StringConcatHelper::stringOf@5
                      ; - java.lang.StringConcatHelper::simpleConcat@1
                      ; - java.lang.String::concat@11
                      ; - java.net.URLClassLoader$1::run@13
  0x000001a83806aa70: 8cf1 4107 | e972 f1ff 

  0x000001a83806aa78: ;   {metadata({method} {0x000001a84c1c1340} 'stringOf' '(Ljava/lang/Object;)Ljava/lang/String;' in 'java/lang/StringConcatHelper')}
  0x000001a83806aa78: ff49 ba38 | 131c 4ca8 | 0100 004c | 8954 2408 | 48c7 0424 | ffff ffff 

  0x000001a83806aa90: ;   {runtime_call counter_overflow Runtime1 stub}
  0x000001a83806aa90: e86b f141 

  0x000001a83806aa94: ; ImmutableOopMap {rax=Oop [184]=Oop }
                      ;*synchronization entry
                      ; - java.lang.StringConcatHelper::stringOf@-1
                      ; - java.lang.StringConcatHelper::simpleConcat@6
                      ; - java.lang.String::concat@11
                      ; - java.net.URLClassLoader$1::run@13
  0x000001a83806aa94: 07e9 d3f1 

  0x000001a83806aa98: ;   {metadata({method} {0x000001a84c00e388} 'toString' '()Ljava/lang/String;' in 'java/lang/String')}
  0x000001a83806aa98: ffff 49ba | 80e3 004c | a801 0000 | 4c89 5424 | 0848 c704 | 24ff ffff 

  0x000001a83806aab0: ;   {runtime_call counter_overflow Runtime1 stub}
  0x000001a83806aab0: ffe8 4af1 

  0x000001a83806aab4: ; ImmutableOopMap {rax=Oop [184]=Oop }
                      ;*synchronization entry
                      ; - java.lang.String::toString@-1
                      ; - java.lang.StringConcatHelper::stringOf@5
                      ; - java.lang.StringConcatHelper::simpleConcat@6
                      ; - java.lang.String::concat@11
                      ; - java.net.URLClassLoader$1::run@13
  0x000001a83806aab4: 4107 e905 

  0x000001a83806aab8: ;   {runtime_call throw_null_pointer_exception Runtime1 stub}
  0x000001a83806aab8: f2ff ffe8 

  0x000001a83806aabc: ; ImmutableOopMap {rax=Oop [184]=Oop }
                      ;*invokevirtual isEmpty {reexecute=0 rethrow=0 return_oop=0}
                      ; - java.lang.StringConcatHelper::simpleConcat@11
                      ; - java.lang.String::concat@11
                      ; - java.net.URLClassLoader$1::run@13
  0x000001a83806aabc: 40a0 4107 

  0x000001a83806aac0: ;   {metadata({method} {0x000001a84c009e30} 'isEmpty' '()Z' in 'java/lang/String')}
  0x000001a83806aac0: 49ba 289e | 004c a801 | 0000 4c89 | 5424 0848 | c704 24ff 

  0x000001a83806aad4: ;   {runtime_call counter_overflow Runtime1 stub}
  0x000001a83806aad4: ffff ffe8 

  0x000001a83806aad8: ; ImmutableOopMap {rax=Oop [184]=Oop }
                      ;*synchronization entry
                      ; - java.lang.String::isEmpty@-1
                      ; - java.lang.StringConcatHelper::simpleConcat@11
                      ; - java.lang.String::concat@11
                      ; - java.net.URLClassLoader$1::run@13
  0x000001a83806aad8: 24f1 4107 | e92e f2ff 

  0x000001a83806aae0: ;   {runtime_call throw_null_pointer_exception Runtime1 stub}
  0x000001a83806aae0: ffe8 1aa0 

  0x000001a83806aae4: ; ImmutableOopMap {rax=Oop [184]=Oop }
                      ;*arraylength {reexecute=0 rethrow=0 return_oop=0}
                      ; - java.lang.String::isEmpty@4
                      ; - java.lang.StringConcatHelper::simpleConcat@11
                      ; - java.lang.String::concat@11
                      ; - java.net.URLClassLoader$1::run@13
  0x000001a83806aae4: 4107 488b 

  0x000001a83806aae8: ;   {runtime_call fast_new_instance Runtime1 stub}
  0x000001a83806aae8: d2e8 12a9 

  0x000001a83806aaec: ; ImmutableOopMap {[184]=Oop }
                      ;*new {reexecute=0 rethrow=0 return_oop=0}
                      ; - java.lang.StringConcatHelper::simpleConcat@17
                      ; - java.lang.String::concat@11
                      ; - java.net.URLClassLoader$1::run@13
  0x000001a83806aaec: 4107 e9e7 

  0x000001a83806aaf0: ;   {metadata({method} {0x000001a84c009e30} 'isEmpty' '()Z' in 'java/lang/String')}
  0x000001a83806aaf0: f2ff ff49 | ba28 9e00 | 4ca8 0100 | 004c 8954 | 2408 48c7 | 0424 ffff 

  0x000001a83806ab08: ;   {runtime_call counter_overflow Runtime1 stub}
  0x000001a83806ab08: ffff e8f1 

  0x000001a83806ab0c: ; ImmutableOopMap {rax=Oop [184]=Oop }
                      ;*synchronization entry
                      ; - java.lang.String::isEmpty@-1
                      ; - java.lang.StringConcatHelper::simpleConcat@27
                      ; - java.lang.String::concat@11
                      ; - java.net.URLClassLoader$1::run@13
  0x000001a83806ab0c: f041 07e9 | 55f3 ffff 

  0x000001a83806ab14: ;   {metadata({method} {0x000001a84c1c1608} 'initialCoder' '()J' in 'java/lang/StringConcatHelper')}
  0x000001a83806ab14: 49ba 0016 | 1c4c a801 | 0000 4c89 | 5424 0848 | c704 24ff 

  0x000001a83806ab28: ;   {runtime_call counter_overflow Runtime1 stub}
  0x000001a83806ab28: ffff ffe8 

  0x000001a83806ab2c: ; ImmutableOopMap {rax=Oop [184]=Oop }
                      ;*synchronization entry
                      ; - java.lang.StringConcatHelper::initialCoder@-1
                      ; - java.lang.StringConcatHelper::simpleConcat@42
                      ; - java.lang.String::concat@11
                      ; - java.net.URLClassLoader$1::run@13
  0x000001a83806ab2c: d0f0 4107 | e992 f3ff 

  0x000001a83806ab34: ;   {metadata({method} {0x000001a84c1c03d0} 'mix' '(JLjava/lang/String;)J' in 'java/lang/StringConcatHelper')}
  0x000001a83806ab34: ff49 bac8 | 031c 4ca8 | 0100 004c | 8954 2408 | 48c7 0424 | ffff ffff 

  0x000001a83806ab4c: ;   {runtime_call counter_overflow Runtime1 stub}
  0x000001a83806ab4c: e8af f041 

  0x000001a83806ab50: ; ImmutableOopMap {rax=Oop [184]=Oop }
                      ;*synchronization entry
                      ; - java.lang.StringConcatHelper::mix@-1
                      ; - java.lang.StringConcatHelper::simpleConcat@46
                      ; - java.lang.String::concat@11
                      ; - java.net.URLClassLoader$1::run@13
  0x000001a83806ab50: 07e9 cff3 

  0x000001a83806ab54: ;   {metadata({method} {0x000001a84c009d78} 'length' '()I' in 'java/lang/String')}
  0x000001a83806ab54: ffff 49ba | 709d 004c | a801 0000 | 4c89 5424 | 0848 c704 | 24ff ffff 

  0x000001a83806ab6c: ;   {runtime_call counter_overflow Runtime1 stub}
  0x000001a83806ab6c: ffe8 8ef0 

  0x000001a83806ab70: ; ImmutableOopMap {rax=Oop [184]=Oop }
                      ;*synchronization entry
                      ; - java.lang.String::length@-1
                      ; - java.lang.StringConcatHelper::mix@2
                      ; - java.lang.StringConcatHelper::simpleConcat@46
                      ; - java.lang.String::concat@11
                      ; - java.net.URLClassLoader$1::run@13
  0x000001a83806ab70: 4107 e9ef 

  0x000001a83806ab74: ;   {metadata({method} {0x000001a84c00f8e8} 'coder' '()B' in 'java/lang/String')}
  0x000001a83806ab74: f3ff ff49 | bae0 f800 | 4ca8 0100 | 004c 8954 | 2408 48c7 | 0424 ffff 

  0x000001a83806ab8c: ;   {runtime_call counter_overflow Runtime1 stub}
  0x000001a83806ab8c: ffff e86d 

  0x000001a83806ab90: ; ImmutableOopMap {rax=Oop [184]=Oop }
                      ;*synchronization entry
                      ; - java.lang.String::coder@-1
                      ; - java.lang.String::length@6
                      ; - java.lang.StringConcatHelper::mix@2
                      ; - java.lang.StringConcatHelper::simpleConcat@46
                      ; - java.lang.String::concat@11
                      ; - java.net.URLClassLoader$1::run@13
  0x000001a83806ab90: f041 07e9 | 0ff4 ffff 

  0x000001a83806ab98: ;   {metadata({method} {0x000001a84c00f8e8} 'coder' '()B' in 'java/lang/String')}
  0x000001a83806ab98: 49ba e0f8 | 004c a801 | 0000 4c89 | 5424 0848 | c704 24ff 

  0x000001a83806abac: ;   {runtime_call counter_overflow Runtime1 stub}
  0x000001a83806abac: ffff ffe8 

  0x000001a83806abb0: ; ImmutableOopMap {rax=Oop [184]=Oop }
                      ;*synchronization entry
                      ; - java.lang.String::coder@-1
                      ; - java.lang.StringConcatHelper::mix@9
                      ; - java.lang.StringConcatHelper::simpleConcat@46
                      ; - java.lang.String::concat@11
                      ; - java.net.URLClassLoader$1::run@13
  0x000001a83806abb0: 4cf0 4107 | e966 f4ff 

  0x000001a83806abb8: ;   {metadata({method} {0x000001a84c1c0000} 'checkOverflow' '(J)J' in 'java/lang/StringConcatHelper')}
  0x000001a83806abb8: ff49 baf8 | ff1b 4ca8 | 0100 004c | 8954 2408 | 48c7 0424 | ffff ffff 

  0x000001a83806abd0: ;   {runtime_call counter_overflow Runtime1 stub}
  0x000001a83806abd0: e82b f041 

  0x000001a83806abd4: ; ImmutableOopMap {rax=Oop [184]=Oop }
                      ;*synchronization entry
                      ; - java.lang.StringConcatHelper::checkOverflow@-1
                      ; - java.lang.StringConcatHelper::mix@23
                      ; - java.lang.StringConcatHelper::simpleConcat@46
                      ; - java.lang.String::concat@11
                      ; - java.net.URLClassLoader$1::run@13
  0x000001a83806abd4: 07e9 e0f4 

  0x000001a83806abd8: ;   {metadata({method} {0x000001a84c1c03d0} 'mix' '(JLjava/lang/String;)J' in 'java/lang/StringConcatHelper')}
  0x000001a83806abd8: ffff 49ba | c803 1c4c | a801 0000 | 4c89 5424 | 0848 c704 | 24ff ffff 

  0x000001a83806abf0: ;   {runtime_call counter_overflow Runtime1 stub}
  0x000001a83806abf0: ffe8 0af0 

  0x000001a83806abf4: ; ImmutableOopMap {rax=Oop [184]=Oop }
                      ;*synchronization entry
                      ; - java.lang.StringConcatHelper::mix@-1
                      ; - java.lang.StringConcatHelper::simpleConcat@54
                      ; - java.lang.String::concat@11
                      ; - java.net.URLClassLoader$1::run@13
  0x000001a83806abf4: 4107 e92d 

  0x000001a83806abf8: ;   {metadata({method} {0x000001a84c009d78} 'length' '()I' in 'java/lang/String')}
  0x000001a83806abf8: f5ff ff49 | ba70 9d00 | 4ca8 0100 | 004c 8954 | 2408 48c7 | 0424 ffff 

  0x000001a83806ac10: ;   {runtime_call counter_overflow Runtime1 stub}
  0x000001a83806ac10: ffff e8e9 

  0x000001a83806ac14: ; ImmutableOopMap {rax=Oop rcx=Oop [184]=Oop }
                      ;*synchronization entry
                      ; - java.lang.String::length@-1
                      ; - java.lang.StringConcatHelper::mix@2
                      ; - java.lang.StringConcatHelper::simpleConcat@54
                      ; - java.lang.String::concat@11
                      ; - java.net.URLClassLoader$1::run@13
  0x000001a83806ac14: ef41 07e9 | 57f5 ffff 

  0x000001a83806ac1c: ;   {metadata({method} {0x000001a84c00f8e8} 'coder' '()B' in 'java/lang/String')}
  0x000001a83806ac1c: 49ba e0f8 | 004c a801 | 0000 4c89 | 5424 0848 | c704 24ff 

  0x000001a83806ac30: ;   {runtime_call counter_overflow Runtime1 stub}
  0x000001a83806ac30: ffff ffe8 

  0x000001a83806ac34: ; ImmutableOopMap {rax=Oop [184]=Oop }
                      ;*synchronization entry
                      ; - java.lang.String::coder@-1
                      ; - java.lang.String::length@6
                      ; - java.lang.StringConcatHelper::mix@2
                      ; - java.lang.StringConcatHelper::simpleConcat@54
                      ; - java.lang.String::concat@11
                      ; - java.net.URLClassLoader$1::run@13
  0x000001a83806ac34: c8ef 4107 | e974 f5ff 

  0x000001a83806ac3c: ;   {metadata({method} {0x000001a84c00f8e8} 'coder' '()B' in 'java/lang/String')}
  0x000001a83806ac3c: ff49 bae0 | f800 4ca8 | 0100 004c | 8954 2408 | 48c7 0424 | ffff ffff 

  0x000001a83806ac54: ;   {runtime_call counter_overflow Runtime1 stub}
  0x000001a83806ac54: e8a7 ef41 

  0x000001a83806ac58: ; ImmutableOopMap {rax=Oop [184]=Oop }
                      ;*synchronization entry
                      ; - java.lang.String::coder@-1
                      ; - java.lang.StringConcatHelper::mix@9
                      ; - java.lang.StringConcatHelper::simpleConcat@54
                      ; - java.lang.String::concat@11
                      ; - java.net.URLClassLoader$1::run@13
  0x000001a83806ac58: 07e9 cdf5 

  0x000001a83806ac5c: ;   {metadata({method} {0x000001a84c1c0000} 'checkOverflow' '(J)J' in 'java/lang/StringConcatHelper')}
  0x000001a83806ac5c: ffff 49ba | f8ff 1b4c | a801 0000 | 4c89 5424 | 0848 c704 | 24ff ffff 

  0x000001a83806ac74: ;   {runtime_call counter_overflow Runtime1 stub}
  0x000001a83806ac74: ffe8 86ef 

  0x000001a83806ac78: ; ImmutableOopMap {rax=Oop [184]=Oop }
                      ;*synchronization entry
                      ; - java.lang.StringConcatHelper::checkOverflow@-1
                      ; - java.lang.StringConcatHelper::mix@23
                      ; - java.lang.StringConcatHelper::simpleConcat@54
                      ; - java.lang.String::concat@11
                      ; - java.net.URLClassLoader$1::run@13
  0x000001a83806ac78: 4107 e91a 

  0x000001a83806ac7c: ;   {metadata({method} {0x000001a84c1c1530} 'newArray' '(J)[B' in 'java/lang/StringConcatHelper')}
  0x000001a83806ac7c: f6ff ff49 | ba28 151c | 4ca8 0100 | 004c 8954 | 2408 48c7 | 0424 ffff 

  0x000001a83806ac94: ;   {runtime_call counter_overflow Runtime1 stub}
  0x000001a83806ac94: ffff e865 

  0x000001a83806ac98: ; ImmutableOopMap {rax=Oop [184]=Oop }
                      ;*synchronization entry
                      ; - java.lang.StringConcatHelper::newArray@-1
                      ; - java.lang.StringConcatHelper::simpleConcat@61
                      ; - java.lang.String::concat@11
                      ; - java.net.URLClassLoader$1::run@13
  0x000001a83806ac98: ef41 07e9 | 69f6 ffff | 4889 0424 

  0x000001a83806aca4: ;   {runtime_call throw_class_cast_exception Runtime1 stub}
  0x000001a83806aca4: e857 c241 

  0x000001a83806aca8: ; ImmutableOopMap {[184]=Oop [208]=Oop }
                      ;*checkcast {reexecute=0 rethrow=0 return_oop=0}
                      ; - java.lang.StringConcatHelper::newArray@36
                      ; - java.lang.StringConcatHelper::simpleConcat@61
                      ; - java.lang.String::concat@11
                      ; - java.net.URLClassLoader$1::run@13
                      ;   {runtime_call throw_null_pointer_exception Runtime1 stub}
  0x000001a83806aca8: 07e8 529e 

  0x000001a83806acac: ; ImmutableOopMap {rax=Oop rdx=Oop [184]=Oop }
                      ;*getfield ucp {reexecute=1 rethrow=0 return_oop=0}
                      ; - (reexecute) java.net.URLClassLoader$1::run@21
                      ;   {runtime_call throw_null_pointer_exception Runtime1 stub}
  0x000001a83806acac: 4107 e84d 

  0x000001a83806acb0: ; ImmutableOopMap {rax=Oop rdx=Oop rsi=Oop [184]=Oop }
                      ;*invokevirtual getResource {reexecute=0 rethrow=0 return_oop=0}
                      ; - java.net.URLClassLoader$1::run@26
                      ;   {runtime_call throw_null_pointer_exception Runtime1 stub}
  0x000001a83806acb0: 9e41 07e8 

  0x000001a83806acb4: ; ImmutableOopMap {rax=Oop rdx=Oop rsi=Oop r8=Oop [184]=Oop }
                      ;*invokevirtual defineClass {reexecute=0 rethrow=0 return_oop=0}
                      ; - java.net.URLClassLoader$1::run@43
  0x000001a83806acb4: 489e 4107 

  0x000001a83806acb8: ;   {internal_word}
  0x000001a83806acb8: 49ba eca5 | 0638 a801 | 0000 4d89 | 9768 0400 

  0x000001a83806acc8: ;   {runtime_call SafepointBlob}
  0x000001a83806acc8: 00e9 32a7 

  0x000001a83806accc: ;   {runtime_call throw_null_pointer_exception Runtime1 stub}
  0x000001a83806accc: 3607 e82d 

  0x000001a83806acd0: ; ImmutableOopMap {r8=Oop rax=Oop }
                      ;*invokevirtual getDataError {reexecute=0 rethrow=0 return_oop=0}
                      ; - java.net.URLClassLoader$1::run@63
                      ;   {internal_word}
  0x000001a83806acd0: 9e41 0749 | ba7e a606 | 38a8 0100 | 004d 8997 | 6804 0000 

  0x000001a83806ace4: ;   {runtime_call SafepointBlob}
  0x000001a83806ace4: e917 a736 

  0x000001a83806ace8: ;   {internal_word}
  0x000001a83806ace8: 0749 ba9e | a606 38a8 | 0100 004d | 8997 6804 

  0x000001a83806acf8: ;   {runtime_call SafepointBlob}
  0x000001a83806acf8: 0000 e901 

  0x000001a83806acfc: ;   {metadata(nullptr)}
  0x000001a83806acfc: a736 0748 | ba00 0000 | 0000 0000 | 00b8 000f 

  0x000001a83806ad0c: ;   {runtime_call load_klass_patching Runtime1 stub}
  0x000001a83806ad0c: 050a e86d 

  0x000001a83806ad10: ; ImmutableOopMap {[184]=Oop [208]=Oop }
                      ;*new {reexecute=1 rethrow=0 return_oop=0}
                      ; - (reexecute) java.lang.StringConcatHelper::newArray@16
                      ; - java.lang.StringConcatHelper::simpleConcat@61
                      ; - java.lang.String::concat@11
                      ; - java.net.URLClassLoader$1::run@13
  0x000001a83806ad10: de41 07e9 | f0f9 ffff 

  0x000001a83806ad18: ;   {runtime_call fast_new_instance Runtime1 stub}
  0x000001a83806ad18: 488b d2e8 

  0x000001a83806ad1c: ; ImmutableOopMap {[184]=Oop [208]=Oop }
                      ;*new {reexecute=0 rethrow=0 return_oop=0}
                      ; - java.lang.StringConcatHelper::newArray@16
                      ; - java.lang.StringConcatHelper::simpleConcat@61
                      ; - java.lang.String::concat@11
                      ; - java.net.URLClassLoader$1::run@13
  0x000001a83806ad1c: e0a6 4107 | e932 faff 

  0x000001a83806ad24: ;   {metadata(nullptr)}
  0x000001a83806ad24: ff48 ba00 | 0000 0000 | 0000 00b8 | 000f 050a 

  0x000001a83806ad34: ;   {runtime_call load_klass_patching Runtime1 stub}
  0x000001a83806ad34: e847 de41 

  0x000001a83806ad38: ; ImmutableOopMap {[184]=Oop [208]=Oop }
                      ;*new {reexecute=1 rethrow=0 return_oop=0}
                      ; - (reexecute) java.lang.StringConcatHelper::checkOverflow@7
                      ; - java.lang.StringConcatHelper::mix@23
                      ; - java.lang.StringConcatHelper::simpleConcat@54
                      ; - java.lang.String::concat@11
                      ; - java.net.URLClassLoader$1::run@13
  0x000001a83806ad38: 07e9 72fa | ffff 488b 

  0x000001a83806ad40: ;   {runtime_call fast_new_instance Runtime1 stub}
  0x000001a83806ad40: d2e8 baa6 

  0x000001a83806ad44: ; ImmutableOopMap {[184]=Oop [208]=Oop }
                      ;*new {reexecute=0 rethrow=0 return_oop=0}
                      ; - java.lang.StringConcatHelper::checkOverflow@7
                      ; - java.lang.StringConcatHelper::mix@23
                      ; - java.lang.StringConcatHelper::simpleConcat@54
                      ; - java.lang.String::concat@11
                      ; - java.net.URLClassLoader$1::run@13
  0x000001a83806ad44: 4107 e9b4 

  0x000001a83806ad48: ;   {metadata(nullptr)}
  0x000001a83806ad48: faff ff48 | ba00 0000 | 0000 0000 | 00b8 000f 

  0x000001a83806ad58: ;   {runtime_call load_klass_patching Runtime1 stub}
  0x000001a83806ad58: 050a e821 

  0x000001a83806ad5c: ; ImmutableOopMap {[184]=Oop [208]=Oop }
                      ;*new {reexecute=1 rethrow=0 return_oop=0}
                      ; - (reexecute) java.lang.StringConcatHelper::checkOverflow@7
                      ; - java.lang.StringConcatHelper::mix@23
                      ; - java.lang.StringConcatHelper::simpleConcat@46
                      ; - java.lang.String::concat@11
                      ; - java.net.URLClassLoader$1::run@13
  0x000001a83806ad5c: de41 07e9 | f4fa ffff 

  0x000001a83806ad64: ;   {runtime_call fast_new_instance Runtime1 stub}
  0x000001a83806ad64: 488b d2e8 

  0x000001a83806ad68: ; ImmutableOopMap {[184]=Oop [208]=Oop }
                      ;*new {reexecute=0 rethrow=0 return_oop=0}
                      ; - java.lang.StringConcatHelper::checkOverflow@7
                      ; - java.lang.StringConcatHelper::mix@23
                      ; - java.lang.StringConcatHelper::simpleConcat@46
                      ; - java.lang.String::concat@11
                      ; - java.net.URLClassLoader$1::run@13
  0x000001a83806ad68: 94a6 4107 | e936 fbff 

  0x000001a83806ad70: ;   {metadata(nullptr)}
  0x000001a83806ad70: ff48 ba00 | 0000 0000 | 0000 00b8 | 000f 050a 

  0x000001a83806ad80: ;   {runtime_call load_klass_patching Runtime1 stub}
  0x000001a83806ad80: e8fb dd41 

  0x000001a83806ad84: ; ImmutableOopMap {r8=Oop r9=Oop [184]=Oop }
                      ;*new {reexecute=1 rethrow=0 return_oop=0}
                      ; - (reexecute) java.net.URLClassLoader$1::run@48
  0x000001a83806ad84: 07e9 8efb | ffff 488b 

  0x000001a83806ad8c: ;   {runtime_call fast_new_instance Runtime1 stub}
  0x000001a83806ad8c: d2e8 6ea6 

  0x000001a83806ad90: ; ImmutableOopMap {r8=Oop r9=Oop [184]=Oop }
                      ;*new {reexecute=0 rethrow=0 return_oop=0}
                      ; - java.net.URLClassLoader$1::run@48
  0x000001a83806ad90: 4107 e9d0 | fbff ff4c | 8b84 24e0 | 0000 00e9 | 56f8 ffff | 4c8b c0e9 | 4ef8 ffff | 498b 8700 
  0x000001a83806adb0: 0500 0049 | c787 0005 | 0000 0000 | 0000 49c7 | 8708 0500 | 0000 0000 | 0048 81c4 | 2001 0000 
  0x000001a83806add0: ;   {runtime_call unwind_exception Runtime1 stub}
  0x000001a83806add0: 5de9 2a8e | 4107 f4f4 
[Stub Code]
  0x000001a83806add8: ;   {no_reloc}
  0x000001a83806add8: 0f1f 4400 

  0x000001a83806addc: ;   {static_stub}
  0x000001a83806addc: 0048 bb00 | 0000 0000 

  0x000001a83806ade4: ;   {runtime_call nmethod}
  0x000001a83806ade4: 0000 00e9 | fbff ffff 

  0x000001a83806adec: ;   {static_stub}
  0x000001a83806adec: 9048 bb00 | 0000 0000 

  0x000001a83806adf4: ;   {runtime_call nmethod}
  0x000001a83806adf4: 0000 00e9 | fbff ffff 

  0x000001a83806adfc: ;   {static_stub}
  0x000001a83806adfc: 48bb 0000 | 0000 0000 

  0x000001a83806ae04: ;   {runtime_call nmethod}
  0x000001a83806ae04: 0000 e9fb 

  0x000001a83806ae08: ;   {static_stub}
  0x000001a83806ae08: ffff ff48 | bb00 0000 | 0000 0000 

  0x000001a83806ae14: ;   {runtime_call nmethod}
  0x000001a83806ae14: 00e9 fbff 

  0x000001a83806ae18: ;   {static_stub}
  0x000001a83806ae18: ffff 48bb | 0000 0000 | 0000 0000 

  0x000001a83806ae24: ;   {runtime_call nmethod}
  0x000001a83806ae24: e9fb ffff 

  0x000001a83806ae28: ;   {static_stub}
  0x000001a83806ae28: ff48 bb00 | 0000 0000 

  0x000001a83806ae30: ;   {runtime_call nmethod}
  0x000001a83806ae30: 0000 00e9 | fbff ffff 

  0x000001a83806ae38: ;   {static_stub}
  0x000001a83806ae38: 48bb 0000 | 0000 0000 

  0x000001a83806ae40: ;   {runtime_call nmethod}
  0x000001a83806ae40: 0000 e9fb 

  0x000001a83806ae44: ;   {static_stub}
  0x000001a83806ae44: ffff ff48 | bb00 0000 | 0000 0000 

  0x000001a83806ae50: ;   {runtime_call nmethod}
  0x000001a83806ae50: 00e9 fbff 

  0x000001a83806ae54: ;   {static_stub}
  0x000001a83806ae54: ffff 48bb | 80e5 664c | a801 0000 

  0x000001a83806ae60: ;   {runtime_call I2C/C2I adapters}
  0x000001a83806ae60: e9fd ff35 

  0x000001a83806ae64: ;   {static_stub}
  0x000001a83806ae64: 0748 bb00 | 0000 0000 

  0x000001a83806ae6c: ;   {runtime_call nmethod}
  0x000001a83806ae6c: 0000 00e9 | fbff ffff 
[Exception Handler]
  0x000001a83806ae74: ;   {runtime_call handle_exception_from_callee Runtime1 stub}
  0x000001a83806ae74: e887 ba41 

  0x000001a83806ae78: ;   {external_word}
  0x000001a83806ae78: 0748 b9d0 | 6145 dff9 | 7f00 0048 

  0x000001a83806ae84: ;   {runtime_call}
  0x000001a83806ae84: 83e4 f048 | b890 db13 | dff9 7f00 | 00ff d0f4 
[Deopt Handler Code]
  0x000001a83806ae94: ;   {section_word}
  0x000001a83806ae94: 49ba 94ae | 0638 a801 | 0000 4152 

  0x000001a83806aea0: ;   {runtime_call DeoptimizationBlob}
  0x000001a83806aea0: e9fb 9736 | 07f4 f4f4 
[/MachCode]


---------------  P R O C E S S  ---------------

Threads class SMR info:
_java_thread_list=0x000001a8502006a0, length=11, elements={
0x000001a8329e2bb0, 0x000001a85003f6d0, 0x000001a85006fa60, 0x000001a8500704c0,
0x000001a850089420, 0x000001a850089e80, 0x000001a85008a8e0, 0x000001a850079320,
0x000001a85007f5c0, 0x000001a85008af50, 0x000001a85021f9e0
}

Java Threads: ( => current thread )
=>0x000001a8329e2bb0 JavaThread "main"                              [_thread_in_vm, id=22684, stack(0x000000398f800000,0x000000398f900000) (1024K)]
  0x000001a85003f6d0 JavaThread "Common-Cleaner"             daemon [_thread_blocked, id=14276, stack(0x0000003990000000,0x0000003990100000) (1024K)]
  0x000001a85006fa60 JavaThread "Reference Handler"          daemon [_thread_blocked, id=22128, stack(0x0000003990100000,0x0000003990200000) (1024K)]
  0x000001a8500704c0 JavaThread "Finalizer"                  daemon [_thread_blocked, id=18784, stack(0x0000003990200000,0x0000003990300000) (1024K)]
  0x000001a850089420 JavaThread "Signal Dispatcher"          daemon [_thread_blocked, id=17548, stack(0x0000003990300000,0x0000003990400000) (1024K)]
  0x000001a850089e80 JavaThread "Attach Listener"            daemon [_thread_blocked, id=10352, stack(0x0000003990400000,0x0000003990500000) (1024K)]
  0x000001a85008a8e0 JavaThread "Service Thread"             daemon [_thread_blocked, id=2128, stack(0x0000003990500000,0x0000003990600000) (1024K)]
  0x000001a850079320 JavaThread "Monitor Deflation Thread"   daemon [_thread_blocked, id=10200, stack(0x0000003990600000,0x0000003990700000) (1024K)]
  0x000001a85007f5c0 JavaThread "C2 CompilerThread0"         daemon [_thread_blocked, id=7428, stack(0x0000003990700000,0x0000003990800000) (1024K)]
  0x000001a85008af50 JavaThread "C1 CompilerThread0"         daemon [_thread_blocked, id=4712, stack(0x0000003990800000,0x0000003990900000) (1024K)]
  0x000001a85021f9e0 JavaThread "Notification Thread"        daemon [_thread_blocked, id=19688, stack(0x0000003990900000,0x0000003990a00000) (1024K)]
Total: 11

Other Threads:
  0x000001a84bac8350 VMThread "VM Thread"                           [id=6012, stack(0x000000398ff00000,0x0000003990000000) (1024K)]
  0x000001a84ba81540 WatcherThread "VM Periodic Task Thread"        [id=23008, stack(0x000000398fe00000,0x000000398ff00000) (1024K)]
  0x000001a834d35310 WorkerThread "GC Thread#0"                     [id=6572, stack(0x000000398f900000,0x000000398fa00000) (1024K)]
  0x000001a8507cdb60 WorkerThread "GC Thread#1"                     [id=21264, stack(0x0000003990a00000,0x0000003990b00000) (1024K)]
  0x000001a8507cdf10 WorkerThread "GC Thread#2"                     [id=21132, stack(0x0000003990b00000,0x0000003990c00000) (1024K)]
  0x000001a85069ddd0 WorkerThread "GC Thread#3"                     [id=7640, stack(0x0000003990c00000,0x0000003990d00000) (1024K)]
  0x000001a834d46080 ConcurrentGCThread "G1 Main Marker"            [id=10436, stack(0x000000398fa00000,0x000000398fb00000) (1024K)]
  0x000001a834d46c10 WorkerThread "G1 Conc#0"                       [id=14036, stack(0x000000398fb00000,0x000000398fc00000) (1024K)]
  0x000001a84b9490f0 ConcurrentGCThread "G1 Refine#0"               [id=20452, stack(0x000000398fc00000,0x000000398fd00000) (1024K)]
  0x000001a84b949920 ConcurrentGCThread "G1 Service"                [id=9788, stack(0x000000398fd00000,0x000000398fe00000) (1024K)]
Total: 10

Threads with active compile tasks:
Total: 0

VM state: not at safepoint (normal execution)

VM Mutex/Monitor currently owned by a thread:  ([mutex/lock_event])
[0x00007ff9df6c64d0] Metaspace_lock - owner thread: 0x000001a8329e2bb0

Heap address: 0x0000000081800000, size: 2024 MB, Compressed Oops mode: 32-bit

CDS archive(s) not mapped
Compressed class space mapped at: 0x0000000100000000-0x0000000140000000, reserved size: 1073741824
Narrow klass base: 0x0000000000000000, Narrow klass shift: 3, Narrow klass range: 0x140000000

GC Precious Log:
 CardTable entry size: 512
 Card Set container configuration: InlinePtr #cards 5 size 8 Array Of Cards #cards 12 size 40 Howl #buckets 4 coarsen threshold 1843 Howl Bitmap #cards 512 size 80 coarsen threshold 460 Card regions per heap region 1 cards per card region 2048
 CPUs: 4 total, 4 available
 Memory: 8088M
 Large Page Support: Disabled
 NUMA Support: Disabled
 Compressed Oops: Enabled (32-bit)
 Heap Region Size: 1M
 Heap Min Capacity: 8M
 Heap Initial Capacity: 128M
 Heap Max Capacity: 2024M
 Pre-touch: Disabled
 Parallel Workers: 4
 Concurrent Workers: 1
 Concurrent Refinement Workers: 4
 Periodic GC: Disabled

Heap:
 garbage-first heap   total 131072K, used 21194K [0x0000000081800000, 0x0000000100000000)
  region size 1024K, 20 young (20480K), 2 survivors (2048K)
 Metaspace       used 12187K, committed 12352K, reserved 1114112K
  class space    used 1295K, committed 1408K, reserved 1048576K

Heap Regions: E=young(eden), S=young(survivor), O=old, HS=humongous(starts), HC=humongous(continues), CS=collection set, F=free, TAMS=top-at-mark-start, PB=parsable bottom
|   0|0x0000000081800000, 0x0000000081900000, 0x0000000081900000|100%|HS|  |TAMS 0x0000000081800000| PB 0x0000000081800000| Complete 
|   1|0x0000000081900000, 0x0000000081a00000, 0x0000000081a00000|100%|HC|  |TAMS 0x0000000081900000| PB 0x0000000081900000| Complete 
|   2|0x0000000081a00000, 0x0000000081b00000, 0x0000000081b00000|100%|HC|  |TAMS 0x0000000081a00000| PB 0x0000000081a00000| Complete 
|   3|0x0000000081b00000, 0x0000000081b00000, 0x0000000081c00000|  0%| F|  |TAMS 0x0000000081b00000| PB 0x0000000081b00000| Untracked 
|   4|0x0000000081c00000, 0x0000000081c00000, 0x0000000081d00000|  0%| F|  |TAMS 0x0000000081c00000| PB 0x0000000081c00000| Untracked 
|   5|0x0000000081d00000, 0x0000000081d00000, 0x0000000081e00000|  0%| F|  |TAMS 0x0000000081d00000| PB 0x0000000081d00000| Untracked 
|   6|0x0000000081e00000, 0x0000000081e00000, 0x0000000081f00000|  0%| F|  |TAMS 0x0000000081e00000| PB 0x0000000081e00000| Untracked 
|   7|0x0000000081f00000, 0x0000000081f00000, 0x0000000082000000|  0%| F|  |TAMS 0x0000000081f00000| PB 0x0000000081f00000| Untracked 
|   8|0x0000000082000000, 0x0000000082000000, 0x0000000082100000|  0%| F|  |TAMS 0x0000000082000000| PB 0x0000000082000000| Untracked 
|   9|0x0000000082100000, 0x0000000082100000, 0x0000000082200000|  0%| F|  |TAMS 0x0000000082100000| PB 0x0000000082100000| Untracked 
|  10|0x0000000082200000, 0x0000000082200000, 0x0000000082300000|  0%| F|  |TAMS 0x0000000082200000| PB 0x0000000082200000| Untracked 
|  11|0x0000000082300000, 0x0000000082300000, 0x0000000082400000|  0%| F|  |TAMS 0x0000000082300000| PB 0x0000000082300000| Untracked 
|  12|0x0000000082400000, 0x0000000082400000, 0x0000000082500000|  0%| F|  |TAMS 0x0000000082400000| PB 0x0000000082400000| Untracked 
|  13|0x0000000082500000, 0x0000000082500000, 0x0000000082600000|  0%| F|  |TAMS 0x0000000082500000| PB 0x0000000082500000| Untracked 
|  14|0x0000000082600000, 0x0000000082600000, 0x0000000082700000|  0%| F|  |TAMS 0x0000000082600000| PB 0x0000000082600000| Untracked 
|  15|0x0000000082700000, 0x0000000082700000, 0x0000000082800000|  0%| F|  |TAMS 0x0000000082700000| PB 0x0000000082700000| Untracked 
|  16|0x0000000082800000, 0x0000000082800000, 0x0000000082900000|  0%| F|  |TAMS 0x0000000082800000| PB 0x0000000082800000| Untracked 
|  17|0x0000000082900000, 0x0000000082900000, 0x0000000082a00000|  0%| F|  |TAMS 0x0000000082900000| PB 0x0000000082900000| Untracked 
|  18|0x0000000082a00000, 0x0000000082a00000, 0x0000000082b00000|  0%| F|  |TAMS 0x0000000082a00000| PB 0x0000000082a00000| Untracked 
|  19|0x0000000082b00000, 0x0000000082b00000, 0x0000000082c00000|  0%| F|  |TAMS 0x0000000082b00000| PB 0x0000000082b00000| Untracked 
|  20|0x0000000082c00000, 0x0000000082c00000, 0x0000000082d00000|  0%| F|  |TAMS 0x0000000082c00000| PB 0x0000000082c00000| Untracked 
|  21|0x0000000082d00000, 0x0000000082d00000, 0x0000000082e00000|  0%| F|  |TAMS 0x0000000082d00000| PB 0x0000000082d00000| Untracked 
|  22|0x0000000082e00000, 0x0000000082e00000, 0x0000000082f00000|  0%| F|  |TAMS 0x0000000082e00000| PB 0x0000000082e00000| Untracked 
|  23|0x0000000082f00000, 0x0000000082f00000, 0x0000000083000000|  0%| F|  |TAMS 0x0000000082f00000| PB 0x0000000082f00000| Untracked 
|  24|0x0000000083000000, 0x0000000083000000, 0x0000000083100000|  0%| F|  |TAMS 0x0000000083000000| PB 0x0000000083000000| Untracked 
|  25|0x0000000083100000, 0x0000000083100000, 0x0000000083200000|  0%| F|  |TAMS 0x0000000083100000| PB 0x0000000083100000| Untracked 
|  26|0x0000000083200000, 0x0000000083200000, 0x0000000083300000|  0%| F|  |TAMS 0x0000000083200000| PB 0x0000000083200000| Untracked 
|  27|0x0000000083300000, 0x0000000083300000, 0x0000000083400000|  0%| F|  |TAMS 0x0000000083300000| PB 0x0000000083300000| Untracked 
|  28|0x0000000083400000, 0x0000000083400000, 0x0000000083500000|  0%| F|  |TAMS 0x0000000083400000| PB 0x0000000083400000| Untracked 
|  29|0x0000000083500000, 0x0000000083500000, 0x0000000083600000|  0%| F|  |TAMS 0x0000000083500000| PB 0x0000000083500000| Untracked 
|  30|0x0000000083600000, 0x0000000083600000, 0x0000000083700000|  0%| F|  |TAMS 0x0000000083600000| PB 0x0000000083600000| Untracked 
|  31|0x0000000083700000, 0x0000000083700000, 0x0000000083800000|  0%| F|  |TAMS 0x0000000083700000| PB 0x0000000083700000| Untracked 
|  32|0x0000000083800000, 0x0000000083800000, 0x0000000083900000|  0%| F|  |TAMS 0x0000000083800000| PB 0x0000000083800000| Untracked 
|  33|0x0000000083900000, 0x0000000083900000, 0x0000000083a00000|  0%| F|  |TAMS 0x0000000083900000| PB 0x0000000083900000| Untracked 
|  34|0x0000000083a00000, 0x0000000083a00000, 0x0000000083b00000|  0%| F|  |TAMS 0x0000000083a00000| PB 0x0000000083a00000| Untracked 
|  35|0x0000000083b00000, 0x0000000083b00000, 0x0000000083c00000|  0%| F|  |TAMS 0x0000000083b00000| PB 0x0000000083b00000| Untracked 
|  36|0x0000000083c00000, 0x0000000083c00000, 0x0000000083d00000|  0%| F|  |TAMS 0x0000000083c00000| PB 0x0000000083c00000| Untracked 
|  37|0x0000000083d00000, 0x0000000083d00000, 0x0000000083e00000|  0%| F|  |TAMS 0x0000000083d00000| PB 0x0000000083d00000| Untracked 
|  38|0x0000000083e00000, 0x0000000083e00000, 0x0000000083f00000|  0%| F|  |TAMS 0x0000000083e00000| PB 0x0000000083e00000| Untracked 
|  39|0x0000000083f00000, 0x0000000083f00000, 0x0000000084000000|  0%| F|  |TAMS 0x0000000083f00000| PB 0x0000000083f00000| Untracked 
|  40|0x0000000084000000, 0x0000000084000000, 0x0000000084100000|  0%| F|  |TAMS 0x0000000084000000| PB 0x0000000084000000| Untracked 
|  41|0x0000000084100000, 0x0000000084100000, 0x0000000084200000|  0%| F|  |TAMS 0x0000000084100000| PB 0x0000000084100000| Untracked 
|  42|0x0000000084200000, 0x0000000084200000, 0x0000000084300000|  0%| F|  |TAMS 0x0000000084200000| PB 0x0000000084200000| Untracked 
|  43|0x0000000084300000, 0x0000000084300000, 0x0000000084400000|  0%| F|  |TAMS 0x0000000084300000| PB 0x0000000084300000| Untracked 
|  44|0x0000000084400000, 0x0000000084400000, 0x0000000084500000|  0%| F|  |TAMS 0x0000000084400000| PB 0x0000000084400000| Untracked 
|  45|0x0000000084500000, 0x0000000084500000, 0x0000000084600000|  0%| F|  |TAMS 0x0000000084500000| PB 0x0000000084500000| Untracked 
|  46|0x0000000084600000, 0x0000000084600000, 0x0000000084700000|  0%| F|  |TAMS 0x0000000084600000| PB 0x0000000084600000| Untracked 
|  47|0x0000000084700000, 0x0000000084700000, 0x0000000084800000|  0%| F|  |TAMS 0x0000000084700000| PB 0x0000000084700000| Untracked 
|  48|0x0000000084800000, 0x0000000084800000, 0x0000000084900000|  0%| F|  |TAMS 0x0000000084800000| PB 0x0000000084800000| Untracked 
|  49|0x0000000084900000, 0x0000000084900000, 0x0000000084a00000|  0%| F|  |TAMS 0x0000000084900000| PB 0x0000000084900000| Untracked 
|  50|0x0000000084a00000, 0x0000000084a00000, 0x0000000084b00000|  0%| F|  |TAMS 0x0000000084a00000| PB 0x0000000084a00000| Untracked 
|  51|0x0000000084b00000, 0x0000000084b00000, 0x0000000084c00000|  0%| F|  |TAMS 0x0000000084b00000| PB 0x0000000084b00000| Untracked 
|  52|0x0000000084c00000, 0x0000000084c00000, 0x0000000084d00000|  0%| F|  |TAMS 0x0000000084c00000| PB 0x0000000084c00000| Untracked 
|  53|0x0000000084d00000, 0x0000000084d00000, 0x0000000084e00000|  0%| F|  |TAMS 0x0000000084d00000| PB 0x0000000084d00000| Untracked 
|  54|0x0000000084e00000, 0x0000000084e00000, 0x0000000084f00000|  0%| F|  |TAMS 0x0000000084e00000| PB 0x0000000084e00000| Untracked 
|  55|0x0000000084f00000, 0x0000000084f00000, 0x0000000085000000|  0%| F|  |TAMS 0x0000000084f00000| PB 0x0000000084f00000| Untracked 
|  56|0x0000000085000000, 0x0000000085000000, 0x0000000085100000|  0%| F|  |TAMS 0x0000000085000000| PB 0x0000000085000000| Untracked 
|  57|0x0000000085100000, 0x0000000085100000, 0x0000000085200000|  0%| F|  |TAMS 0x0000000085100000| PB 0x0000000085100000| Untracked 
|  58|0x0000000085200000, 0x0000000085200000, 0x0000000085300000|  0%| F|  |TAMS 0x0000000085200000| PB 0x0000000085200000| Untracked 
|  59|0x0000000085300000, 0x0000000085300000, 0x0000000085400000|  0%| F|  |TAMS 0x0000000085300000| PB 0x0000000085300000| Untracked 
|  60|0x0000000085400000, 0x0000000085400000, 0x0000000085500000|  0%| F|  |TAMS 0x0000000085400000| PB 0x0000000085400000| Untracked 
|  61|0x0000000085500000, 0x0000000085500000, 0x0000000085600000|  0%| F|  |TAMS 0x0000000085500000| PB 0x0000000085500000| Untracked 
|  62|0x0000000085600000, 0x0000000085600000, 0x0000000085700000|  0%| F|  |TAMS 0x0000000085600000| PB 0x0000000085600000| Untracked 
|  63|0x0000000085700000, 0x0000000085700000, 0x0000000085800000|  0%| F|  |TAMS 0x0000000085700000| PB 0x0000000085700000| Untracked 
|  64|0x0000000085800000, 0x0000000085800000, 0x0000000085900000|  0%| F|  |TAMS 0x0000000085800000| PB 0x0000000085800000| Untracked 
|  65|0x0000000085900000, 0x0000000085900000, 0x0000000085a00000|  0%| F|  |TAMS 0x0000000085900000| PB 0x0000000085900000| Untracked 
|  66|0x0000000085a00000, 0x0000000085a00000, 0x0000000085b00000|  0%| F|  |TAMS 0x0000000085a00000| PB 0x0000000085a00000| Untracked 
|  67|0x0000000085b00000, 0x0000000085b00000, 0x0000000085c00000|  0%| F|  |TAMS 0x0000000085b00000| PB 0x0000000085b00000| Untracked 
|  68|0x0000000085c00000, 0x0000000085c00000, 0x0000000085d00000|  0%| F|  |TAMS 0x0000000085c00000| PB 0x0000000085c00000| Untracked 
|  69|0x0000000085d00000, 0x0000000085d00000, 0x0000000085e00000|  0%| F|  |TAMS 0x0000000085d00000| PB 0x0000000085d00000| Untracked 
|  70|0x0000000085e00000, 0x0000000085e00000, 0x0000000085f00000|  0%| F|  |TAMS 0x0000000085e00000| PB 0x0000000085e00000| Untracked 
|  71|0x0000000085f00000, 0x0000000085f00000, 0x0000000086000000|  0%| F|  |TAMS 0x0000000085f00000| PB 0x0000000085f00000| Untracked 
|  72|0x0000000086000000, 0x0000000086000000, 0x0000000086100000|  0%| F|  |TAMS 0x0000000086000000| PB 0x0000000086000000| Untracked 
|  73|0x0000000086100000, 0x0000000086100000, 0x0000000086200000|  0%| F|  |TAMS 0x0000000086100000| PB 0x0000000086100000| Untracked 
|  74|0x0000000086200000, 0x0000000086200000, 0x0000000086300000|  0%| F|  |TAMS 0x0000000086200000| PB 0x0000000086200000| Untracked 
|  75|0x0000000086300000, 0x0000000086300000, 0x0000000086400000|  0%| F|  |TAMS 0x0000000086300000| PB 0x0000000086300000| Untracked 
|  76|0x0000000086400000, 0x0000000086400000, 0x0000000086500000|  0%| F|  |TAMS 0x0000000086400000| PB 0x0000000086400000| Untracked 
|  77|0x0000000086500000, 0x0000000086500000, 0x0000000086600000|  0%| F|  |TAMS 0x0000000086500000| PB 0x0000000086500000| Untracked 
|  78|0x0000000086600000, 0x0000000086600000, 0x0000000086700000|  0%| F|  |TAMS 0x0000000086600000| PB 0x0000000086600000| Untracked 
|  79|0x0000000086700000, 0x0000000086700000, 0x0000000086800000|  0%| F|  |TAMS 0x0000000086700000| PB 0x0000000086700000| Untracked 
|  80|0x0000000086800000, 0x0000000086800000, 0x0000000086900000|  0%| F|  |TAMS 0x0000000086800000| PB 0x0000000086800000| Untracked 
|  81|0x0000000086900000, 0x0000000086900000, 0x0000000086a00000|  0%| F|  |TAMS 0x0000000086900000| PB 0x0000000086900000| Untracked 
|  82|0x0000000086a00000, 0x0000000086a00000, 0x0000000086b00000|  0%| F|  |TAMS 0x0000000086a00000| PB 0x0000000086a00000| Untracked 
|  83|0x0000000086b00000, 0x0000000086b00000, 0x0000000086c00000|  0%| F|  |TAMS 0x0000000086b00000| PB 0x0000000086b00000| Untracked 
|  84|0x0000000086c00000, 0x0000000086c00000, 0x0000000086d00000|  0%| F|  |TAMS 0x0000000086c00000| PB 0x0000000086c00000| Untracked 
|  85|0x0000000086d00000, 0x0000000086d00000, 0x0000000086e00000|  0%| F|  |TAMS 0x0000000086d00000| PB 0x0000000086d00000| Untracked 
|  86|0x0000000086e00000, 0x0000000086e00000, 0x0000000086f00000|  0%| F|  |TAMS 0x0000000086e00000| PB 0x0000000086e00000| Untracked 
|  87|0x0000000086f00000, 0x0000000086f00000, 0x0000000087000000|  0%| F|  |TAMS 0x0000000086f00000| PB 0x0000000086f00000| Untracked 
|  88|0x0000000087000000, 0x0000000087000000, 0x0000000087100000|  0%| F|  |TAMS 0x0000000087000000| PB 0x0000000087000000| Untracked 
|  89|0x0000000087100000, 0x0000000087100000, 0x0000000087200000|  0%| F|  |TAMS 0x0000000087100000| PB 0x0000000087100000| Untracked 
|  90|0x0000000087200000, 0x0000000087200000, 0x0000000087300000|  0%| F|  |TAMS 0x0000000087200000| PB 0x0000000087200000| Untracked 
|  91|0x0000000087300000, 0x0000000087300000, 0x0000000087400000|  0%| F|  |TAMS 0x0000000087300000| PB 0x0000000087300000| Untracked 
|  92|0x0000000087400000, 0x0000000087400000, 0x0000000087500000|  0%| F|  |TAMS 0x0000000087400000| PB 0x0000000087400000| Untracked 
|  93|0x0000000087500000, 0x0000000087500000, 0x0000000087600000|  0%| F|  |TAMS 0x0000000087500000| PB 0x0000000087500000| Untracked 
|  94|0x0000000087600000, 0x0000000087600000, 0x0000000087700000|  0%| F|  |TAMS 0x0000000087600000| PB 0x0000000087600000| Untracked 
|  95|0x0000000087700000, 0x0000000087700000, 0x0000000087800000|  0%| F|  |TAMS 0x0000000087700000| PB 0x0000000087700000| Untracked 
|  96|0x0000000087800000, 0x0000000087800000, 0x0000000087900000|  0%| F|  |TAMS 0x0000000087800000| PB 0x0000000087800000| Untracked 
|  97|0x0000000087900000, 0x0000000087900000, 0x0000000087a00000|  0%| F|  |TAMS 0x0000000087900000| PB 0x0000000087900000| Untracked 
|  98|0x0000000087a00000, 0x0000000087a00000, 0x0000000087b00000|  0%| F|  |TAMS 0x0000000087a00000| PB 0x0000000087a00000| Untracked 
|  99|0x0000000087b00000, 0x0000000087b00000, 0x0000000087c00000|  0%| F|  |TAMS 0x0000000087b00000| PB 0x0000000087b00000| Untracked 
| 100|0x0000000087c00000, 0x0000000087cb2818, 0x0000000087d00000| 69%| S|CS|TAMS 0x0000000087c00000| PB 0x0000000087c00000| Complete 
| 101|0x0000000087d00000, 0x0000000087e00000, 0x0000000087e00000|100%| S|CS|TAMS 0x0000000087d00000| PB 0x0000000087d00000| Complete 
| 102|0x0000000087e00000, 0x0000000087e00000, 0x0000000087f00000|  0%| F|  |TAMS 0x0000000087e00000| PB 0x0000000087e00000| Untracked 
| 103|0x0000000087f00000, 0x0000000087f00000, 0x0000000088000000|  0%| F|  |TAMS 0x0000000087f00000| PB 0x0000000087f00000| Untracked 
| 104|0x0000000088000000, 0x0000000088000000, 0x0000000088100000|  0%| F|  |TAMS 0x0000000088000000| PB 0x0000000088000000| Untracked 
| 105|0x0000000088100000, 0x0000000088100000, 0x0000000088200000|  0%| F|  |TAMS 0x0000000088100000| PB 0x0000000088100000| Untracked 
| 106|0x0000000088200000, 0x0000000088200000, 0x0000000088300000|  0%| F|  |TAMS 0x0000000088200000| PB 0x0000000088200000| Untracked 
| 107|0x0000000088300000, 0x0000000088300000, 0x0000000088400000|  0%| F|  |TAMS 0x0000000088300000| PB 0x0000000088300000| Untracked 
| 108|0x0000000088400000, 0x0000000088400000, 0x0000000088500000|  0%| F|  |TAMS 0x0000000088400000| PB 0x0000000088400000| Untracked 
| 109|0x0000000088500000, 0x0000000088500000, 0x0000000088600000|  0%| F|  |TAMS 0x0000000088500000| PB 0x0000000088500000| Untracked 
| 110|0x0000000088600000, 0x0000000088677bf8, 0x0000000088700000| 46%| E|  |TAMS 0x0000000088600000| PB 0x0000000088600000| Complete 
| 111|0x0000000088700000, 0x0000000088800000, 0x0000000088800000|100%| E|CS|TAMS 0x0000000088700000| PB 0x0000000088700000| Complete 
| 112|0x0000000088800000, 0x0000000088900000, 0x0000000088900000|100%| E|CS|TAMS 0x0000000088800000| PB 0x0000000088800000| Complete 
| 113|0x0000000088900000, 0x0000000088a00000, 0x0000000088a00000|100%| E|CS|TAMS 0x0000000088900000| PB 0x0000000088900000| Complete 
| 114|0x0000000088a00000, 0x0000000088b00000, 0x0000000088b00000|100%| E|CS|TAMS 0x0000000088a00000| PB 0x0000000088a00000| Complete 
| 115|0x0000000088b00000, 0x0000000088c00000, 0x0000000088c00000|100%| E|CS|TAMS 0x0000000088b00000| PB 0x0000000088b00000| Complete 
| 116|0x0000000088c00000, 0x0000000088d00000, 0x0000000088d00000|100%| E|CS|TAMS 0x0000000088c00000| PB 0x0000000088c00000| Complete 
| 117|0x0000000088d00000, 0x0000000088e00000, 0x0000000088e00000|100%| E|CS|TAMS 0x0000000088d00000| PB 0x0000000088d00000| Complete 
| 118|0x0000000088e00000, 0x0000000088f00000, 0x0000000088f00000|100%| E|CS|TAMS 0x0000000088e00000| PB 0x0000000088e00000| Complete 
| 119|0x0000000088f00000, 0x0000000089000000, 0x0000000089000000|100%| E|CS|TAMS 0x0000000088f00000| PB 0x0000000088f00000| Complete 
| 120|0x0000000089000000, 0x0000000089100000, 0x0000000089100000|100%| E|  |TAMS 0x0000000089000000| PB 0x0000000089000000| Complete 
| 121|0x0000000089100000, 0x0000000089200000, 0x0000000089200000|100%| E|CS|TAMS 0x0000000089100000| PB 0x0000000089100000| Complete 
| 122|0x0000000089200000, 0x0000000089300000, 0x0000000089300000|100%| E|CS|TAMS 0x0000000089200000| PB 0x0000000089200000| Complete 
| 123|0x0000000089300000, 0x0000000089400000, 0x0000000089400000|100%| E|CS|TAMS 0x0000000089300000| PB 0x0000000089300000| Complete 
| 124|0x0000000089400000, 0x0000000089500000, 0x0000000089500000|100%| E|CS|TAMS 0x0000000089400000| PB 0x0000000089400000| Complete 
| 125|0x0000000089500000, 0x0000000089600000, 0x0000000089600000|100%| E|CS|TAMS 0x0000000089500000| PB 0x0000000089500000| Complete 
| 126|0x0000000089600000, 0x0000000089700000, 0x0000000089700000|100%| E|CS|TAMS 0x0000000089600000| PB 0x0000000089600000| Complete 
| 127|0x0000000089700000, 0x0000000089800000, 0x0000000089800000|100%| E|CS|TAMS 0x0000000089700000| PB 0x0000000089700000| Complete 

Card table byte_map: [0x000001a847250000,0x000001a847650000] _byte_map_base: 0x000001a846e44000

Marking Bits: (CMBitMap*) 0x000001a834d35930
 Bits: [0x000001a847650000, 0x000001a8495f0000)

Polling page: 0x000001a832cd0000

Metaspace:

Usage:
  Non-class:     10.64 MB used.
      Class:      1.26 MB used.
       Both:     11.90 MB used.

Virtual space:
  Non-class space:       64.00 MB reserved,      10.69 MB ( 17%) committed,  1 nodes.
      Class space:        1.00 GB reserved,       1.38 MB ( <1%) committed,  1 nodes.
             Both:        1.06 GB reserved,      12.06 MB (  1%) committed. 

Chunk freelists:
   Non-Class:  5.30 MB
       Class:  14.54 MB
        Both:  19.84 MB

MaxMetaspaceSize: unlimited
CompressedClassSpaceSize: 1.00 GB
Initial GC threshold: 21.00 MB
Current GC threshold: 21.00 MB
CDS: off
 - commit_granule_bytes: 65536.
 - commit_granule_words: 8192.
 - virtual_space_node_default_size: 8388608.
 - enlarge_chunks_in_place: 1.
 - use_allocation_guard: 0.


Internal statistics:

num_allocs_failed_limit: 0.
num_arena_births: 48.
num_arena_deaths: 0.
num_vsnodes_births: 2.
num_vsnodes_deaths: 0.
num_space_committed: 193.
num_space_uncommitted: 0.
num_chunks_returned_to_freelist: 0.
num_chunks_taken_from_freelist: 168.
num_chunk_merges: 0.
num_chunk_splits: 99.
num_chunks_enlarged: 75.
num_inconsistent_stats: 0.

CodeHeap 'non-profiled nmethods': size=120000Kb used=591Kb max_used=591Kb free=119408Kb
 bounds [0x000001a83f920000, 0x000001a83fb90000, 0x000001a846e50000]
CodeHeap 'profiled nmethods': size=120000Kb used=2405Kb max_used=2405Kb free=117594Kb
 bounds [0x000001a837e50000, 0x000001a8380c0000, 0x000001a83f380000]
CodeHeap 'non-nmethods': size=5760Kb used=1247Kb max_used=1273Kb free=4512Kb
 bounds [0x000001a83f380000, 0x000001a83f5f0000, 0x000001a83f920000]
CodeCache: size=245760Kb, used=4243Kb, max_used=4269Kb, free=241514Kb
 total_blobs=1693, nmethods=1257, adapters=341, full_count=0
Compilation: enabled, stopped_count=0, restarted_count=0

Compilation events (20 events):
Event: 5.776 Thread 0x000001a85008af50 nmethod 1248 0x000001a8380a3690 code [0x000001a8380a3a40, 0x000001a8380a54a0]
Event: 5.776 Thread 0x000001a85008af50 1249       3       java.lang.invoke.MethodType::basicType (8 bytes)
Event: 5.776 Thread 0x000001a85008af50 nmethod 1249 0x000001a8380a5d90 code [0x000001a8380a5f20, 0x000001a8380a6050]
Event: 5.776 Thread 0x000001a85008af50 1250       1       java.lang.invoke.LambdaForm$BasicType::basicTypeClass (5 bytes)
Event: 5.776 Thread 0x000001a85008af50 nmethod 1250 0x000001a83f9b2610 code [0x000001a83f9b27a0, 0x000001a83f9b2868]
Event: 5.777 Thread 0x000001a85008af50 1251       3       java.lang.invoke.LambdaForm::parameter (38 bytes)
Event: 5.777 Thread 0x000001a85008af50 nmethod 1251 0x000001a8380a6110 code [0x000001a8380a62c0, 0x000001a8380a6408]
Event: 5.777 Thread 0x000001a85008af50 1252       3       java.lang.invoke.LambdaForm$Name::<init> (66 bytes)
Event: 5.777 Thread 0x000001a85008af50 nmethod 1252 0x000001a8380a6510 code [0x000001a8380a66c0, 0x000001a8380a6980]
Event: 5.777 Thread 0x000001a85008af50 1253       3       java.lang.invoke.LambdaForm$NamedFunction::methodType (28 bytes)
Event: 5.778 Thread 0x000001a85008af50 nmethod 1253 0x000001a8380a6a10 code [0x000001a8380a6be0, 0x000001a8380a6ee8]
Event: 5.778 Thread 0x000001a85008af50 1254       1       jdk.internal.util.ClassFileDumper::isEnabled (5 bytes)
Event: 5.778 Thread 0x000001a85008af50 nmethod 1254 0x000001a83f9b2910 code [0x000001a83f9b2aa0, 0x000001a83f9b2b70]
Event: 5.778 Thread 0x000001a85008af50 1255       1       java.lang.invoke.LambdaForm$Name::type (5 bytes)
Event: 5.778 Thread 0x000001a85008af50 nmethod 1255 0x000001a83f9b2c10 code [0x000001a83f9b2da0, 0x000001a83f9b2e68]
Event: 5.778 Thread 0x000001a85008af50 1256       3       java.lang.invoke.MethodType::insertParameterTypes (121 bytes)
Event: 5.779 Thread 0x000001a85008af50 nmethod 1256 0x000001a8380a7010 code [0x000001a8380a7300, 0x000001a8380a81c0]
Event: 5.781 Thread 0x000001a85008af50 1257       3       java.util.HashMap::getNode (150 bytes)
Event: 5.782 Thread 0x000001a85008af50 nmethod 1257 0x000001a8380a8790 code [0x000001a8380a89e0, 0x000001a8380a94d0]
Event: 5.793 Thread 0x000001a85007f5c0 1258       4       jdk.internal.loader.URLClassPath::getResource (74 bytes)

GC Heap History (4 events):
Event: 2.221 GC heap before
{Heap before GC invocations=0 (full 0):
 garbage-first heap   total 131072K, used 13312K [0x0000000081800000, 0x0000000100000000)
  region size 1024K, 13 young (13312K), 0 survivors (0K)
 Metaspace       used 8780K, committed 8896K, reserved 1114112K
  class space    used 815K, committed 896K, reserved 1048576K
}
Event: 2.225 GC heap after
{Heap after GC invocations=1 (full 0):
 garbage-first heap   total 131072K, used 1365K [0x0000000081800000, 0x0000000100000000)
  region size 1024K, 2 young (2048K), 2 survivors (2048K)
 Metaspace       used 8780K, committed 8896K, reserved 1114112K
  class space    used 815K, committed 896K, reserved 1048576K
}
Event: 3.278 GC heap before
{Heap before GC invocations=1 (full 0):
 garbage-first heap   total 131072K, used 25941K [0x0000000081800000, 0x0000000100000000)
  region size 1024K, 26 young (26624K), 2 survivors (2048K)
 Metaspace       used 8881K, committed 9024K, reserved 1114112K
  class space    used 815K, committed 896K, reserved 1048576K
}
Event: 3.283 GC heap after
{Heap after GC invocations=2 (full 0):
 garbage-first heap   total 131072K, used 1738K [0x0000000081800000, 0x0000000100000000)
  region size 1024K, 2 young (2048K), 2 survivors (2048K)
 Metaspace       used 8881K, committed 9024K, reserved 1114112K
  class space    used 815K, committed 896K, reserved 1048576K
}

Dll operation events (3 events):
Event: 0.009 Loaded shared library C:\Program Files\Android\Android Studio\jbr\bin\java.dll
Event: 0.021 Loaded shared library C:\Program Files\Android\Android Studio\jbr\bin\zip.dll
Event: 0.405 Loaded shared library C:\Program Files\Android\Android Studio\jbr\bin\verify.dll

Deoptimization events (20 events):
Event: 5.699 Thread 0x000001a8329e2bb0 Uncommon trap: trap_request=0xffffff45 fr.pc=0x000001a83f9abd28 relative=0x00000000000002e8
Event: 5.699 Thread 0x000001a8329e2bb0 Uncommon trap: reason=unstable_if action=reinterpret pc=0x000001a83f9abd28 method=jdk.internal.util.ArraysSupport.mismatch([BI[BII)I @ 55 c2
Event: 5.699 Thread 0x000001a8329e2bb0 DEOPT PACKING pc=0x000001a83f9abd28 sp=0x000000398f8fe650
Event: 5.699 Thread 0x000001a8329e2bb0 DEOPT UNPACKING pc=0x000001a83f3d43a2 sp=0x000000398f8fe548 mode 2
Event: 5.699 Thread 0x000001a8329e2bb0 Uncommon trap: trap_request=0xffffff45 fr.pc=0x000001a83f9ab650 relative=0x0000000000000230
Event: 5.699 Thread 0x000001a8329e2bb0 Uncommon trap: reason=unstable_if action=reinterpret pc=0x000001a83f9ab650 method=jdk.internal.util.ArraysSupport.mismatch([BI[BII)I @ 55 c2
Event: 5.699 Thread 0x000001a8329e2bb0 DEOPT PACKING pc=0x000001a83f9ab650 sp=0x000000398f8fe8c0
Event: 5.699 Thread 0x000001a8329e2bb0 DEOPT UNPACKING pc=0x000001a83f3d43a2 sp=0x000000398f8fe888 mode 2
Event: 5.704 Thread 0x000001a8329e2bb0 Uncommon trap: trap_request=0xffffff45 fr.pc=0x000001a83f9a8e1c relative=0x000000000000073c
Event: 5.704 Thread 0x000001a8329e2bb0 Uncommon trap: reason=unstable_if action=reinterpret pc=0x000001a83f9a8e1c method=java.util.HashMap.hash(Ljava/lang/Object;)I @ 1 c2
Event: 5.704 Thread 0x000001a8329e2bb0 DEOPT PACKING pc=0x000001a83f9a8e1c sp=0x000000398f8fea20
Event: 5.705 Thread 0x000001a8329e2bb0 DEOPT UNPACKING pc=0x000001a83f3d43a2 sp=0x000000398f8fe928 mode 2
Event: 5.705 Thread 0x000001a8329e2bb0 Uncommon trap: trap_request=0xffffff45 fr.pc=0x000001a83f9735d0 relative=0x00000000000000b0
Event: 5.705 Thread 0x000001a8329e2bb0 Uncommon trap: reason=unstable_if action=reinterpret pc=0x000001a83f9735d0 method=java.util.HashMap.hash(Ljava/lang/Object;)I @ 1 c2
Event: 5.705 Thread 0x000001a8329e2bb0 DEOPT PACKING pc=0x000001a83f9735d0 sp=0x000000398f8fe990
Event: 5.705 Thread 0x000001a8329e2bb0 DEOPT UNPACKING pc=0x000001a83f3d43a2 sp=0x000000398f8fe928 mode 2
Event: 5.785 Thread 0x000001a8329e2bb0 Uncommon trap: trap_request=0xffffff45 fr.pc=0x000001a83f959658 relative=0x0000000000000138
Event: 5.785 Thread 0x000001a8329e2bb0 Uncommon trap: reason=unstable_if action=reinterpret pc=0x000001a83f959658 method=java.lang.ThreadLocal$ThreadLocalMap.getEntry(Ljava/lang/ThreadLocal;)Ljava/lang/ThreadLocal$ThreadLocalMap$Entry; @ 21 c2
Event: 5.785 Thread 0x000001a8329e2bb0 DEOPT PACKING pc=0x000001a83f959658 sp=0x000000398f8fe980
Event: 5.785 Thread 0x000001a8329e2bb0 DEOPT UNPACKING pc=0x000001a83f3d43a2 sp=0x000000398f8fe890 mode 2

Classes loaded (20 events):
Event: 5.683 Loading class java/util/Collections$2
Event: 5.683 Loading class java/util/Collections$2 done
Event: 5.687 Loading class sun/management/Util
Event: 5.687 Loading class sun/management/Util done
Event: 5.687 Loading class java/lang/management/ManagementPermission
Event: 5.687 Loading class java/lang/management/ManagementPermission done
Event: 5.699 Loading class java/util/TreeMap$EntrySet
Event: 5.700 Loading class java/util/TreeMap$EntrySet done
Event: 5.700 Loading class java/util/TreeMap$EntryIterator
Event: 5.700 Loading class java/util/TreeMap$EntryIterator done
Event: 5.736 Loading class java/util/Collections$UnmodifiableMap$UnmodifiableEntrySet
Event: 5.739 Loading class java/util/Collections$UnmodifiableMap$UnmodifiableEntrySet done
Event: 5.739 Loading class java/util/Collections$UnmodifiableMap$UnmodifiableEntrySet$1
Event: 5.739 Loading class java/util/Collections$UnmodifiableMap$UnmodifiableEntrySet$1 done
Event: 5.742 Loading class java/util/Collections$UnmodifiableMap$UnmodifiableEntrySet$UnmodifiableEntry
Event: 5.742 Loading class java/util/Collections$UnmodifiableMap$UnmodifiableEntrySet$UnmodifiableEntry done
Event: 5.782 Loading class java/util/MissingResourceException
Event: 5.782 Loading class java/util/MissingResourceException done
Event: 5.783 Loading class java/util/logging/ErrorManager
Event: 5.783 Loading class java/util/logging/ErrorManager done

Classes unloaded (0 events):
No events

Classes redefined (0 events):
No events

Internal exceptions (14 events):
Event: 0.667 Thread 0x000001a8329e2bb0 Exception <a 'sun/nio/fs/WindowsException'{0x000000008950fc88}> (0x000000008950fc88) 
thrown [s\src\hotspot\share\prims\jni.cpp, line 537]
Event: 1.370 Thread 0x000001a8329e2bb0 Exception <a 'java/lang/NoSuchMethodError'{0x000000008942f3d0}: 'void java.lang.invoke.DirectMethodHandle$Holder.invokeSpecial(java.lang.Object, java.lang.Object, java.lang.Object)'> (0x000000008942f3d0) 
thrown [s\src\hotspot\share\interpreter\linkResolver.cpp, line 784]
Event: 1.809 Thread 0x000001a8329e2bb0 Exception <a 'java/lang/NoSuchMethodError'{0x00000000892a02a0}: 'int java.lang.invoke.DirectMethodHandle$Holder.invokeSpecial(java.lang.Object, java.lang.Object, java.lang.Object, java.lang.Object)'> (0x00000000892a02a0) 
thrown [s\src\hotspot\share\interpreter\linkResolver.cpp, line 784]
Event: 5.158 Thread 0x000001a8329e2bb0 Exception <a 'java/lang/NoSuchMethodError'{0x0000000088c3e9e8}: 'java.lang.Object java.lang.invoke.DirectMethodHandle$Holder.invokeVirtual(java.lang.Object, java.lang.Object, java.lang.Object)'> (0x0000000088c3e9e8) 
thrown [s\src\hotspot\share\interpreter\linkResolver.cpp, line 784]
Event: 5.619 Thread 0x000001a8329e2bb0 Exception <a 'sun/nio/fs/WindowsException'{0x000000008873cd68}> (0x000000008873cd68) 
thrown [s\src\hotspot\share\prims\jni.cpp, line 537]
Event: 5.704 Thread 0x000001a8329e2bb0 Implicit null exception at 0x000001a83f9a8740 to 0x000001a83f9a8e00
Event: 5.705 Thread 0x000001a8329e2bb0 Implicit null exception at 0x000001a83f973540 to 0x000001a83f9735c2
Event: 5.705 Thread 0x000001a8329e2bb0 Exception <a 'sun/nio/fs/WindowsException'{0x00000000887ad6e0}> (0x00000000887ad6e0) 
thrown [s\src\hotspot\share\prims\jni.cpp, line 537]
Event: 5.706 Thread 0x000001a8329e2bb0 Exception <a 'sun/nio/fs/WindowsException'{0x00000000887b2690}> (0x00000000887b2690) 
thrown [s\src\hotspot\share\prims\jni.cpp, line 537]
Event: 5.735 Thread 0x000001a8329e2bb0 Exception <a 'sun/nio/fs/WindowsException'{0x00000000887c3b88}> (0x00000000887c3b88) 
thrown [s\src\hotspot\share\prims\jni.cpp, line 537]
Event: 5.743 Thread 0x000001a8329e2bb0 Exception <a 'sun/nio/fs/WindowsException'{0x00000000887c5778}> (0x00000000887c5778) 
thrown [s\src\hotspot\share\prims\jni.cpp, line 537]
Event: 5.751 Thread 0x000001a8329e2bb0 Exception <a 'sun/nio/fs/WindowsException'{0x00000000887c7430}> (0x00000000887c7430) 
thrown [s\src\hotspot\share\prims\jni.cpp, line 537]
Event: 5.773 Thread 0x000001a8329e2bb0 Exception <a 'java/lang/NoSuchMethodError'{0x00000000887de688}: 'void java.lang.invoke.DirectMethodHandle$Holder.invokeInterface(java.lang.Object, java.lang.Object, java.lang.Object)'> (0x00000000887de688) 
thrown [s\src\hotspot\share\interpreter\linkResolver.cpp, line 784]
Event: 5.785 Thread 0x000001a8329e2bb0 Implicit null exception at 0x000001a83f959578 to 0x000001a83f959638

ZGC Phase Switch (0 events):
No events

VM Operations (20 events):
Event: 0.390 Executing non-safepoint VM operation: HandshakeAllThreads (Deoptimize)
Event: 0.390 Executing non-safepoint VM operation: HandshakeAllThreads (Deoptimize) done
Event: 1.405 Executing safepoint VM operation: Cleanup
Event: 1.405 Executing safepoint VM operation: Cleanup done
Event: 2.221 Executing safepoint VM operation: G1CollectForAllocation (G1 Evacuation Pause)
Event: 2.225 Executing safepoint VM operation: G1CollectForAllocation (G1 Evacuation Pause) done
Event: 3.233 Executing safepoint VM operation: Cleanup
Event: 3.249 Executing safepoint VM operation: Cleanup done
Event: 3.278 Executing safepoint VM operation: G1CollectForAllocation (G1 Evacuation Pause)
Event: 3.283 Executing safepoint VM operation: G1CollectForAllocation (G1 Evacuation Pause) done
Event: 4.288 Executing safepoint VM operation: Cleanup
Event: 4.288 Executing safepoint VM operation: Cleanup done
Event: 5.036 Executing non-safepoint VM operation: HandshakeAllThreads (Deoptimize)
Event: 5.036 Executing non-safepoint VM operation: HandshakeAllThreads (Deoptimize) done
Event: 5.167 Executing non-safepoint VM operation: HandshakeAllThreads (Deoptimize)
Event: 5.167 Executing non-safepoint VM operation: HandshakeAllThreads (Deoptimize) done
Event: 5.701 Executing non-safepoint VM operation: HandshakeAllThreads (Deoptimize)
Event: 5.701 Executing non-safepoint VM operation: HandshakeAllThreads (Deoptimize) done
Event: 5.701 Executing safepoint VM operation: Cleanup
Event: 5.701 Executing safepoint VM operation: Cleanup done

Memory protections (0 events):
No events

Nmethod flushes (0 events):
No events

Events (17 events):
Event: 0.019 Thread 0x000001a8329e2bb0 Thread added: 0x000001a8329e2bb0
Event: 0.083 Thread 0x000001a8329e2bb0 Thread added: 0x000001a85003f6d0
Event: 0.091 Thread 0x000001a8329e2bb0 Thread added: 0x000001a85006fa60
Event: 0.091 Thread 0x000001a8329e2bb0 Thread added: 0x000001a8500704c0
Event: 0.093 Thread 0x000001a8329e2bb0 Thread added: 0x000001a850089420
Event: 0.093 Thread 0x000001a8329e2bb0 Thread added: 0x000001a850089e80
Event: 0.093 Thread 0x000001a8329e2bb0 Thread added: 0x000001a85008a8e0
Event: 0.093 Thread 0x000001a8329e2bb0 Thread added: 0x000001a850079320
Event: 0.093 Thread 0x000001a8329e2bb0 Thread added: 0x000001a85007f5c0
Event: 0.093 Thread 0x000001a8329e2bb0 Thread added: 0x000001a85008af50
Event: 0.276 Thread 0x000001a8329e2bb0 Thread added: 0x000001a85021f9e0
Event: 0.327 Loaded shared library C:\Program Files\Android\Android Studio\jbr\bin\net.dll
Event: 0.333 Loaded shared library C:\Program Files\Android\Android Studio\jbr\bin\nio.dll
Event: 0.357 Loaded shared library C:\Program Files\Android\Android Studio\jbr\bin\zip.dll
Event: 0.786 Loaded shared library C:\Program Files\Android\Android Studio\jbr\bin\jimage.dll
Event: 5.627 Loaded shared library C:\Program Files\Android\Android Studio\jbr\bin\management.dll
Event: 5.636 Loaded shared library C:\Program Files\Android\Android Studio\jbr\bin\management_ext.dll


Dynamic libraries:
0x00007ff708be0000 - 0x00007ff708bea000 	C:\Program Files\Android\Android Studio\jbr\bin\java.exe
0x00007ffa4c350000 - 0x00007ffa4c549000 	C:\Windows\SYSTEM32\ntdll.dll
0x00007ffa4b520000 - 0x00007ffa4b5e2000 	C:\Windows\System32\KERNEL32.DLL
0x00007ffa4a050000 - 0x00007ffa4a347000 	C:\Windows\System32\KERNELBASE.dll
0x00007ffa49d00000 - 0x00007ffa49e00000 	C:\Windows\System32\ucrtbase.dll
0x00007ffa34990000 - 0x00007ffa349a8000 	C:\Program Files\Android\Android Studio\jbr\bin\jli.dll
0x00007ffa31ea0000 - 0x00007ffa31ebb000 	C:\Program Files\Android\Android Studio\jbr\bin\VCRUNTIME140.dll
0x00007ffa4c0e0000 - 0x00007ffa4c27d000 	C:\Windows\System32\USER32.dll
0x00007ffa49ea0000 - 0x00007ffa49ec2000 	C:\Windows\System32\win32u.dll
0x00007ffa4c040000 - 0x00007ffa4c06b000 	C:\Windows\System32\GDI32.dll
0x00007ffa376c0000 - 0x00007ffa3795b000 	C:\Windows\WinSxS\amd64_microsoft.windows.common-controls_6595b64144ccf1df_6.0.19041.6926_none_60b5a53971f8f7e6\COMCTL32.dll
0x00007ffa49be0000 - 0x00007ffa49cfa000 	C:\Windows\System32\gdi32full.dll
0x00007ffa4aae0000 - 0x00007ffa4ab7e000 	C:\Windows\System32\msvcrt.dll
0x00007ffa49e00000 - 0x00007ffa49e9d000 	C:\Windows\System32\msvcp_win.dll
0x00007ffa4c010000 - 0x00007ffa4c03f000 	C:\Windows\System32\IMM32.DLL
0x00007ffa35870000 - 0x00007ffa3587c000 	C:\Program Files\Android\Android Studio\jbr\bin\vcruntime140_1.dll
0x00007ffa2b860000 - 0x00007ffa2b8ed000 	C:\Program Files\Android\Android Studio\jbr\bin\msvcp140.dll
0x00007ff9deb10000 - 0x00007ff9df7a6000 	C:\Program Files\Android\Android Studio\jbr\bin\server\jvm.dll
0x00007ffa4b110000 - 0x00007ffa4b1c1000 	C:\Windows\System32\ADVAPI32.dll
0x00007ffa4bca0000 - 0x00007ffa4bd3f000 	C:\Windows\System32\sechost.dll
0x00007ffa4bb10000 - 0x00007ffa4bc36000 	C:\Windows\System32\RPCRT4.dll
0x00007ffa49b20000 - 0x00007ffa49b47000 	C:\Windows\System32\bcrypt.dll
0x00007ffa4c070000 - 0x00007ffa4c0db000 	C:\Windows\System32\WS2_32.dll
0x00007ffa49810000 - 0x00007ffa4985b000 	C:\Windows\SYSTEM32\POWRPROF.dll
0x00007ffa37960000 - 0x00007ffa37987000 	C:\Windows\SYSTEM32\WINMM.dll
0x00007ffa421f0000 - 0x00007ffa421fa000 	C:\Windows\SYSTEM32\VERSION.dll
0x00007ffa497f0000 - 0x00007ffa49802000 	C:\Windows\SYSTEM32\UMPDC.dll
0x00007ffa47830000 - 0x00007ffa47842000 	C:\Windows\SYSTEM32\kernel.appcore.dll
0x00007ffa348e0000 - 0x00007ffa348ea000 	C:\Program Files\Android\Android Studio\jbr\bin\jimage.dll
0x00007ffa34a80000 - 0x00007ffa34c81000 	C:\Windows\SYSTEM32\DBGHELP.DLL
0x00007ffa34a40000 - 0x00007ffa34a74000 	C:\Windows\SYSTEM32\dbgcore.DLL
0x00007ffa49b50000 - 0x00007ffa49bd2000 	C:\Windows\System32\bcryptPrimitives.dll
0x00007ffa2f0c0000 - 0x00007ffa2f0e0000 	C:\Program Files\Android\Android Studio\jbr\bin\java.dll
0x00007ffa2f070000 - 0x00007ffa2f088000 	C:\Program Files\Android\Android Studio\jbr\bin\zip.dll
0x00007ffa4a360000 - 0x00007ffa4aad1000 	C:\Windows\System32\SHELL32.dll
0x00007ffa47a30000 - 0x00007ffa481d6000 	C:\Windows\SYSTEM32\windows.storage.dll
0x00007ffa4b730000 - 0x00007ffa4ba83000 	C:\Windows\System32\combase.dll
0x00007ffa49310000 - 0x00007ffa4933b000 	C:\Windows\SYSTEM32\Wldp.dll
0x00007ffa4bd40000 - 0x00007ffa4be16000 	C:\Windows\System32\OLEAUT32.dll
0x00007ffa4b050000 - 0x00007ffa4b0fd000 	C:\Windows\System32\SHCORE.dll
0x00007ffa4bc40000 - 0x00007ffa4bc9b000 	C:\Windows\System32\shlwapi.dll
0x00007ffa498f0000 - 0x00007ffa49914000 	C:\Windows\SYSTEM32\profapi.dll
0x00007ffa32b50000 - 0x00007ffa32b60000 	C:\Program Files\Android\Android Studio\jbr\bin\net.dll
0x00007ffa3ec40000 - 0x00007ffa3ed4a000 	C:\Windows\SYSTEM32\WINHTTP.dll
0x00007ffa49040000 - 0x00007ffa490aa000 	C:\Windows\system32\mswsock.dll
0x00007ffa2f050000 - 0x00007ffa2f066000 	C:\Program Files\Android\Android Studio\jbr\bin\nio.dll
0x00007ffa32af0000 - 0x00007ffa32b00000 	C:\Program Files\Android\Android Studio\jbr\bin\verify.dll
0x00007ffa2eef0000 - 0x00007ffa2eef9000 	C:\Program Files\Android\Android Studio\jbr\bin\management.dll
0x00007ffa2eee0000 - 0x00007ffa2eeeb000 	C:\Program Files\Android\Android Studio\jbr\bin\management_ext.dll
0x00007ffa4a350000 - 0x00007ffa4a358000 	C:\Windows\System32\PSAPI.DLL

JVMTI agents: none

dbghelp: loaded successfully - version: 4.0.5 - missing functions: none
symbol engine: initialized successfully - sym options: 0x614 - pdb path: .;C:\Program Files\Android\Android Studio\jbr\bin;C:\Windows\SYSTEM32;C:\Windows\WinSxS\amd64_microsoft.windows.common-controls_6595b64144ccf1df_6.0.19041.6926_none_60b5a53971f8f7e6;C:\Program Files\Android\Android Studio\jbr\bin\server

VM Arguments:
jvm_args: -Dorg.gradle.appname=gradlew 
java_command: org.gradle.wrapper.GradleWrapperMain -q -Ptarget-platform=android-arm64 -Ptarget=D:\studyhubapp\lib\main.dart -Pbase-application-name=android.app.Application -Pdart-defines=RkxVVFRFUl9WRVJTSU9OPTMuNDQuNQ==,RkxVVFRFUl9DSEFOTkVMPXN0YWJsZQ==,RkxVVFRFUl9HSVRfVVJMPWh0dHBzOi8vZ2l0aHViLmNvbS9mbHV0dGVyL2ZsdXR0ZXIuZ2l0,RkxVVFRFUl9GUkFNRVdPUktfUkVWSVNJT049Zjk0ZjRmYzc2Yg==,RkxVVFRFUl9FTkdJTkVfUkVWSVNJT049ODM2NzVlZDI3Ng==,RkxVVFRFUl9EQVJUX1ZFUlNJT049My4xMi4y -Pdart-obfuscation=false -Ptrack-widget-creation=true -Ptree-shake-icons=false -Pfilesystem-scheme=org-dartlang-root assembleDebug
java_class_path (initial): D:\studyhubapp\android\\gradle\wrapper\gradle-wrapper.jar
Launcher Type: SUN_STANDARD

[Global flags]
     intx CICompilerCount                          = 3                                         {product} {ergonomic}
     uint ConcGCThreads                            = 1                                         {product} {ergonomic}
     uint G1ConcRefinementThreads                  = 4                                         {product} {ergonomic}
   size_t G1HeapRegionSize                         = 1048576                                   {product} {ergonomic}
    uintx GCDrainStackTargetSize                   = 64                                        {product} {ergonomic}
   size_t InitialHeapSize                          = 134217728                                 {product} {ergonomic}
   size_t MarkStackSize                            = 4194304                                   {product} {ergonomic}
   size_t MaxHeapSize                              = 2122317824                                {product} {ergonomic}
   size_t MaxNewSize                               = 1272971264                                {product} {ergonomic}
   size_t MinHeapDeltaBytes                        = 1048576                                   {product} {ergonomic}
   size_t MinHeapSize                              = 8388608                                   {product} {ergonomic}
    uintx NonNMethodCodeHeapSize                   = 5832780                                {pd product} {ergonomic}
    uintx NonProfiledCodeHeapSize                  = 122912730                              {pd product} {ergonomic}
    uintx ProfiledCodeHeapSize                     = 122912730                              {pd product} {ergonomic}
    uintx ReservedCodeCacheSize                    = 251658240                              {pd product} {ergonomic}
     bool SegmentedCodeCache                       = true                                      {product} {ergonomic}
   size_t SoftMaxHeapSize                          = 2122317824                             {manageable} {ergonomic}
     bool UseCompressedOops                        = true                           {product lp64_product} {ergonomic}
     bool UseG1GC                                  = true                                      {product} {ergonomic}
     bool UseLargePagesIndividualAllocation        = false                                  {pd product} {ergonomic}

Logging:
Log output configuration:
 #0: stdout all=warning uptime,level,tags foldmultilines=false
 #1: stderr all=off uptime,level,tags foldmultilines=false

Release file:
JAVA_VERSION="21.0.10" 
MODULES="java.base java.compiler java.datatransfer java.xml java.prefs java.desktop java.instrument java.logging java.management java.security.sasl java.naming java.rmi java.management.rmi java.net.http java.scripting java.security.jgss java.transaction.xa java.sql java.sql.rowset java.xml.crypto java.se java.smartcardio jdk.accessibility jdk.internal.jvmstat jdk.attach jdk.charsets jdk.internal.opt jdk.zipfs jdk.compiler jdk.crypto.ec jdk.crypto.cryptoki jdk.dynalink jdk.hotspot.agent jdk.httpserver jdk.internal.ed jdk.internal.le jdk.internal.vm.ci jdk.jartool jdk.javadoc jdk.jcmd jdk.jdeps jdk.jdwp.agent jdk.jdi jdk.jfr jdk.jlink jdk.jsobject jdk.localedata jdk.management jdk.management.agent jdk.management.jfr jdk.naming.dns jdk.naming.rmi jdk.net jdk.sctp jdk.security.auth jdk.security.jgss jdk.unsupported jdk.unsupported.desktop jdk.xml.dom" 
IMPLEMENTOR="JetBrains s.r.o." 
JAVA_RUNTIME_VERSION="21.0.10+-14961533-b1163.108" 
LIBC="default" 
OS_ARCH="x86_64" 
OS_NAME="Windows" 
SOURCE=".:git:1351622c2ff2" 

Environment Variables:
JAVA_HOME=C:\Program Files\Android\Android Studio\jbr
CLASSPATH=D:\studyhubapp\android\\gradle\wrapper\gradle-wrapper.jar
PATH=C:\Program Files\Android\Android Studio\jbr\bin;C:\src\flutter\bin\;C:\Program Files\Microsoft\jdk-21.0.11.10-hotspot\bin;C:\Windows\system32;C:\Windows;C:\Windows\System32\Wbem;C:\Windows\System32\WindowsPowerShell\v1.0\;C:\Windows\System32\OpenSSH\;C:\Program Files\Git\cmd;C:\Program Files\nodejs\;C:\Windows\system32;C:\Windows;C:\Windows\System32\Wbem;C:\Windows\System32\WindowsPowerShell\v1.0\;C:\Windows\System32\OpenSSH\;C:\Program Files\Git\cmd;C:\Windows\system32;C:\Windows;C:\Windows\System32\Wbem;C:\Windows\System32\WindowsPowerShell\v1.0\;C:\Windows\System32\OpenSSH\;C:\Program Files\Git\cmd;C:\Users\hp\AppData\Local\Microsoft\WindowsApps;C:\Users\hp\AppData\Local\Programs\Antigravity IDE\bin;C:\src\flutter\bin;C:\src\flutter\bin;C:\Program Files\Microsoft\jdk-21.0.11+9\bin;C:\Program Files\Microsoft\jdk-21.0.11.10-hotspot\bin;C:\Program Files\Microsoft\jdk-21.0.11.10-hotspot\bin;C:\Users\hp\AppData\Roaming\npm;D:\Microsoft VS Code\bin;C:\src\flutter\bin\mingit\cmd
USERNAME=hp
LANG=en_US.UTF-8
OS=Windows_NT
PROCESSOR_IDENTIFIER=Intel64 Family 6 Model 78 Stepping 3, GenuineIntel
TMP=C:\Users\hp\AppData\Local\Temp
TEMP=C:\Users\hp\AppData\Local\Temp




Periodic native trim disabled

JNI global refs:
JNI global refs: 7, weak refs: 0

JNI global refs memory usage: 835, weak refs: 833

Process memory usage:
Resident Set Size: 86636K (1% of 8282356K total physical memory with 307580K free physical memory)

OOME stack traces (most recent first):
Classloader memory used:
Loader bootstrap                                                                       : 10370K
Loader org.gradle.internal.classloader.VisitableURLClassLoader                         : 1434K
Loader java.net.URLClassLoader                                                         : 234K
Loader jdk.internal.loader.ClassLoaders$AppClassLoader                                 : 147K

Classes loaded by more than one classloader:
Class org.gradle.cli.AbstractPropertiesCommandLineConverter                           : loaded 2 times (x 83B)
Class org.gradle.cli.CommandLineParser                                                : loaded 2 times (x 79B)
Class org.gradle.internal.service.UnknownServiceException                             : loaded 2 times (x 83B)
Class org.gradle.cli.SystemPropertiesCommandLineConverter                             : loaded 2 times (x 83B)
Class org.gradle.cli.CommandLineArgumentException                                     : loaded 2 times (x 82B)
Class org.gradle.cli.CommandLineParser$KnownOptionParserState                         : loaded 2 times (x 76B)
Class org.gradle.internal.InternalTransformer                                         : loaded 2 times (x 70B)
Class org.gradle.cli.CommandLineParser$OptionAwareParserState                         : loaded 2 times (x 77B)
Class org.gradle.cli.ParsedCommandLine                                                : loaded 2 times (x 80B)
Class org.gradle.cli.CommandLineParser$UnknownOptionParserState                       : loaded 2 times (x 76B)
Class org.gradle.cli.ParsedCommandLineOption                                          : loaded 2 times (x 76B)
Class org.gradle.api.UncheckedIOException                                             : loaded 2 times (x 82B)
Class org.gradle.cli.CommandLineParser$AfterFirstSubCommand                           : loaded 2 times (x 77B)
Class org.gradle.internal.installation.GradleInstallation$1                           : loaded 2 times (x 75B)
Class org.gradle.cli.CommandLineOption                                                : loaded 2 times (x 86B)
Class org.gradle.cli.CommandLineParser$BeforeFirstSubCommand                          : loaded 2 times (x 77B)
Class org.gradle.internal.service.ServiceLookupException                              : loaded 2 times (x 82B)
Class org.gradle.cli.CommandLineParser$OptionParserState                              : loaded 2 times (x 75B)
Class org.gradle.internal.classloader.ClasspathUtil                                   : loaded 2 times (x 71B)
Class org.gradle.api.specs.Spec                                                       : loaded 2 times (x 70B)
Class org.gradle.internal.Cast                                                        : loaded 2 times (x 71B)
Class org.gradle.api.Action                                                           : loaded 2 times (x 70B)
Class org.gradle.cli.AbstractCommandLineConverter                                     : loaded 2 times (x 79B)
Class org.gradle.api.GradleException                                                  : loaded 2 times (x 82B)
Class org.gradle.cli.CommandLineConverter                                             : loaded 2 times (x 70B)
Class org.gradle.cli.CommandLineParser$MissingOptionArgState                          : loaded 2 times (x 77B)
Class org.gradle.cli.CommandLineParser$ParserState                                    : loaded 2 times (x 76B)
Class org.gradle.cli.CommandLineParser$OptionString                                   : loaded 2 times (x 73B)
Class org.gradle.internal.installation.CurrentGradleInstallationLocator               : loaded 2 times (x 71B)
Class org.gradle.internal.installation.CurrentGradleInstallation                      : loaded 2 times (x 73B)
Class org.gradle.cli.CommandLineParser$AfterOptions                                   : loaded 2 times (x 77B)
Class org.gradle.internal.installation.GradleInstallation                             : loaded 2 times (x 75B)

---------------  S Y S T E M  ---------------

OS:
 Windows 10 , 64 bit Build 19041 (10.0.19041.7291)
OS uptime: 5 days 18:01 hours

CPU: total 4 (initial active 4) (2 cores per cpu, 2 threads per core) family 6 model 78 stepping 3 microcode 0xe2, cx8, cmov, fxsr, ht, mmx, 3dnowpref, sse, sse2, sse3, ssse3, sse4.1, sse4.2, popcnt, lzcnt, tsc, tscinvbit, avx, avx2, aes, erms, clmul, bmi1, bmi2, adx, fma, vzeroupper, clflush, clflushopt, rdtscp, f16c
Processor Information for the first 4 processors :
  Max Mhz: 2400, Current Mhz: 2300, Mhz Limit: 2280

Memory: 4k page, system-wide physical 8088M (298M free)
TotalPageFile size 26112M (AvailPageFile size 0M)
current process WorkingSet (physical memory assigned to process): 84M, peak: 84M
current process commit charge ("private bytes"): 215M, peak: 216M

vm_info: OpenJDK 64-Bit Server VM (21.0.10+-14961533-b1163.108) for windows-amd64 JRE (21.0.10+-14961533-b1163.108), built on 2026-03-02T19:58:50Z by "builder" with MS VC++ 16.10 / 16.11 (VS2019)

END.
